path,start_times,end_times
/mnt/data728/datasets/coughvit-test-sets/cough-detection/20724/mov_sit/background_noise_music/recording_0/outward_facing_mic.wav,[],[]
/mnt/data728/datasets/coughvit-test-sets/cough-detection/20724/mov_sit/background_noise_music/recording_1/outward_facing_mic.wav,"[4.92, 5.1]","[5.1, 5.515]"
/mnt/data728/datasets/coughvit-test-sets/cough-detection/20724/mov_sit/background_noise_music/recording_10/outward_facing_mic.wav,[3.14],[3.555]
/mnt/data728/datasets/coughvit-test-sets/cough-detection/20724/mov_sit/background_noise_music/recording_11/outward_facing_mic.wav,"[0.15, 0.36, 1.74, 1.9, 2.06, 2.22, 2.48, 3.78, 3.94, 4.15, 4.31, 5.95, 6.57, 8.06, 8.22, 8.38, 8.54, 8.7]","[0.36, 0.7749999999999999, 1.9, 2.06, 2.22, 2.48, 2.895, 3.94, 4.15, 4.31, 4.725, 6.365, 6.985, 8.22, 8.38, 8.54, 8.7, 9.114999999999998]"
/mnt/data728/datasets/coughvit-test-sets/cough-detection/20724/mov_sit/background_noise_music/recording_2/outward_facing_mic.wav,"[1.26, 3.56, 6.42, 6.74, 8.9, 9.06, 11.17, 11.38, 11.64, 12.29, 12.47, 13.58]","[1.675, 3.975, 6.74, 7.155, 9.06, 9.475, 11.38, 11.64, 12.055, 12.47, 12.885, 13.995]"
/mnt/data728/datasets/coughvit-test-sets/cough-detection/20724/mov_sit/background_noise_music/recording_3/outward_facing_mic.wav,"[6.35, 14.67]","[6.765, 15.084999999999999]"
/mnt/data728/datasets/coughvit-test-sets/cough-detection/20724/mov_sit/background_noise_music/recording_4/outward_facing_mic.wav,[],[]
/mnt/data728/datasets/coughvit-test-sets/cough-detection/20724/mov_sit/background_noise_music/recording_5/outward_facing_mic.wav,"[2.3, 2.46, 2.71, 7.18, 7.36, 7.52, 7.68]","[2.46, 2.71, 3.125, 7.36, 7.52, 7.68, 8.094999999999999]"
/mnt/data728/datasets/coughvit-test-sets/cough-detection/20724/mov_sit/background_noise_music/recording_6/outward_facing_mic.wav,[],[]
/mnt/data728/datasets/coughvit-test-sets/cough-detection/20724/mov_sit/background_noise_music/recording_7/outward_facing_mic.wav,"[6.42, 6.66]","[6.66, 7.075]"
/mnt/data728/datasets/coughvit-test-sets/cough-detection/20724/mov_sit/background_noise_music/recording_8/outward_facing_mic.wav,"[0.5, 0.88, 1.04, 1.28, 3.29, 3.67, 5.97, 6.13, 6.3, 6.46, 8.43, 8.59, 8.77, 8.93, 9.09, 9.3, 9.46, 10.75, 10.91, 11.24]","[0.88, 1.04, 1.28, 1.695, 3.67, 4.085, 6.13, 6.3, 6.46, 6.875, 8.59, 8.77, 8.93, 9.09, 9.3, 9.46, 9.875, 10.91, 11.24, 11.655]"
/mnt/data728/datasets/coughvit-test-sets/cough-detection/20724/mov_sit/background_noise_music/recording_9/outward_facing_mic.wav,[8.15],[8.565]
/mnt/data728/datasets/coughvit-test-sets/cough-detection/20724/mov_sit/background_noise_nothing/recording_0/outward_facing_mic.wav,"[5.53, 8.24]","[5.945, 8.655]"
/mnt/data728/datasets/coughvit-test-sets/cough-detection/20724/mov_sit/background_noise_nothing/recording_1/outward_facing_mic.wav,[],[]
/mnt/data728/datasets/coughvit-test-sets/cough-detection/20724/mov_sit/background_noise_nothing/recording_10/outward_facing_mic.wav,"[8.96, 14.65]","[9.375, 15.065]"
/mnt/data728/datasets/coughvit-test-sets/cough-detection/20724/mov_sit/background_noise_nothing/recording_11/outward_facing_mic.wav,"[0.36, 0.52, 0.68, 0.84, 3.81, 3.97, 4.13, 4.29, 7.16, 7.32, 7.48, 7.64, 10.09, 10.25, 10.41, 10.57]","[0.52, 0.68, 0.84, 1.255, 3.97, 4.13, 4.29, 4.705, 7.32, 7.48, 7.64, 8.055, 10.25, 10.41, 10.57, 10.985]"
/mnt/data728/datasets/coughvit-test-sets/cough-detection/20724/mov_sit/background_noise_nothing/recording_2/outward_facing_mic.wav,"[7.73, 9.93]","[8.145, 10.344999999999999]"
/mnt/data728/datasets/coughvit-test-sets/cough-detection/20724/mov_sit/background_noise_nothing/recording_3/outward_facing_mic.wav,"[2.0, 2.16, 2.45, 2.61, 3.83, 3.99, 4.27, 4.43, 6.23, 6.56, 6.72, 7.96, 8.12, 8.28, 8.44]","[2.16, 2.45, 2.61, 3.025, 3.99, 4.27, 4.43, 4.845, 6.56, 6.72, 7.135, 8.12, 8.28, 8.44, 8.854999999999999]"
/mnt/data728/datasets/coughvit-test-sets/cough-detection/20724/mov_sit/background_noise_nothing/recording_4/outward_facing_mic.wav,"[0.27, 0.43, 1.99, 2.2, 2.36, 2.69, 2.85, 4.15, 4.49, 4.65, 5.94, 6.1, 6.48, 8.12, 8.28, 8.59]","[0.43, 0.845, 2.2, 2.36, 2.69, 2.85, 3.265, 4.49, 4.65, 5.065, 6.1, 6.48, 6.8950000000000005, 8.28, 8.59, 9.004999999999999]"
/mnt/data728/datasets/coughvit-test-sets/cough-detection/20724/mov_sit/background_noise_nothing/recording_5/outward_facing_mic.wav,[0.6],[1.015]
/mnt/data728/datasets/coughvit-test-sets/cough-detection/20724/mov_sit/background_noise_nothing/recording_6/outward_facing_mic.wav,"[0.14, 0.31]","[0.31, 0.725]"
/mnt/data728/datasets/coughvit-test-sets/cough-detection/20724/mov_sit/background_noise_nothing/recording_7/outward_facing_mic.wav,"[4.68, 6.59]","[5.095, 7.005]"
/mnt/data728/datasets/coughvit-test-sets/cough-detection/20724/mov_sit/background_noise_nothing/recording_8/outward_facing_mic.wav,[],[]
/mnt/data728/datasets/coughvit-test-sets/cough-detection/20724/mov_sit/background_noise_nothing/recording_9/outward_facing_mic.wav,[],[]
/mnt/data728/datasets/coughvit-test-sets/cough-detection/20724/mov_sit/background_noise_someone_else_cough/recording_0/outward_facing_mic.wav,[],[]
/mnt/data728/datasets/coughvit-test-sets/cough-detection/20724/mov_sit/background_noise_someone_else_cough/recording_1/outward_facing_mic.wav,[],[]
/mnt/data728/datasets/coughvit-test-sets/cough-detection/20724/mov_sit/background_noise_someone_else_cough/recording_10/outward_facing_mic.wav,[],[]
/mnt/data728/datasets/coughvit-test-sets/cough-detection/20724/mov_sit/background_noise_someone_else_cough/recording_11/outward_facing_mic.wav,"[3.1, 3.27, 3.52, 3.82, 3.98, 5.38, 5.63, 5.85, 8.3, 8.55, 8.73]","[3.27, 3.52, 3.82, 3.98, 4.395, 5.63, 5.85, 6.265, 8.55, 8.73, 9.145]"
/mnt/data728/datasets/coughvit-test-sets/cough-detection/20724/mov_sit/background_noise_someone_else_cough/recording_2/outward_facing_mic.wav,[],[]
/mnt/data728/datasets/coughvit-test-sets/cough-detection/20724/mov_sit/background_noise_someone_else_cough/recording_3/outward_facing_mic.wav,[],[]
/mnt/data728/datasets/coughvit-test-sets/cough-detection/20724/mov_sit/background_noise_someone_else_cough/recording_4/outward_facing_mic.wav,"[0.77, 0.93, 1.24, 2.76, 3.13, 3.29, 3.53, 6.49, 6.65, 6.95, 7.11, 7.32, 8.66, 8.82, 9.02, 9.2]","[0.93, 1.24, 1.655, 3.13, 3.29, 3.53, 3.945, 6.65, 6.95, 7.11, 7.32, 7.735, 8.82, 9.02, 9.2, 9.614999999999998]"
/mnt/data728/datasets/coughvit-test-sets/cough-detection/20724/mov_sit/background_noise_someone_else_cough/recording_5/outward_facing_mic.wav,"[5.51, 9.48]","[5.925, 9.895]"
/mnt/data728/datasets/coughvit-test-sets/cough-detection/20724/mov_sit/background_noise_someone_else_cough/recording_6/outward_facing_mic.wav,"[1.15, 1.44, 2.8, 2.96, 3.13, 3.29, 3.69, 5.53, 5.69, 6.98, 7.14, 7.3, 7.46, 7.65, 7.81, 9.49, 9.65, 9.94, 11.28]","[1.44, 1.855, 2.96, 3.13, 3.29, 3.69, 4.1049999999999995, 5.69, 6.105, 7.14, 7.3, 7.46, 7.65, 7.81, 8.225, 9.65, 9.94, 10.354999999999999, 11.694999999999999]"
/mnt/data728/datasets/coughvit-test-sets/cough-detection/20724/mov_sit/background_noise_someone_else_cough/recording_7/outward_facing_mic.wav,"[0.57, 1.03]","[0.9849999999999999, 1.445]"
/mnt/data728/datasets/coughvit-test-sets/cough-detection/20724/mov_sit/background_noise_someone_else_cough/recording_8/outward_facing_mic.wav,"[0.36, 0.8, 3.96, 4.12, 4.31, 4.47, 4.75, 6.58, 7.14, 7.3]","[0.7749999999999999, 1.215, 4.12, 4.31, 4.47, 4.75, 5.165, 6.995, 7.3, 7.715]"
/mnt/data728/datasets/coughvit-test-sets/cough-detection/20724/mov_sit/background_noise_someone_else_cough/recording_9/outward_facing_mic.wav,[],[]
/mnt/data728/datasets/coughvit-test-sets/cough-detection/20724/mov_sit/background_noise_traffic/recording_0/outward_facing_mic.wav,[5.8],[6.215]
/mnt/data728/datasets/coughvit-test-sets/cough-detection/20724/mov_sit/background_noise_traffic/recording_1/outward_facing_mic.wav,"[0.63, 0.79, 0.95, 1.11, 2.86, 3.02, 3.37, 3.72, 5.36, 5.52, 5.68, 5.84, 6.0, 6.16, 6.32, 7.94, 8.1, 8.26, 8.42, 10.36, 10.52, 10.69, 10.85, 11.01]","[0.79, 0.95, 1.11, 1.5250000000000001, 3.02, 3.37, 3.72, 4.135, 5.52, 5.68, 5.84, 6.0, 6.16, 6.32, 6.735, 8.1, 8.26, 8.42, 8.834999999999999, 10.52, 10.69, 10.85, 11.01, 11.424999999999999]"
/mnt/data728/datasets/coughvit-test-sets/cough-detection/20724/mov_sit/background_noise_traffic/recording_10/outward_facing_mic.wav,"[2.85, 5.27, 5.51, 5.91]","[3.265, 5.51, 5.91, 6.325]"
/mnt/data728/datasets/coughvit-test-sets/cough-detection/20724/mov_sit/background_noise_traffic/recording_11/outward_facing_mic.wav,[],[]
/mnt/data728/datasets/coughvit-test-sets/cough-detection/20724/mov_sit/background_noise_traffic/recording_2/outward_facing_mic.wav,"[3.49, 3.89, 5.41, 5.57, 5.74, 5.9, 6.12, 6.28, 7.81, 8.08, 8.24, 8.49, 8.65, 9.95, 10.11]","[3.89, 4.305, 5.57, 5.74, 5.9, 6.12, 6.28, 6.695, 8.08, 8.24, 8.49, 8.65, 9.065, 10.11, 10.524999999999999]"
/mnt/data728/datasets/coughvit-test-sets/cough-detection/20724/mov_sit/background_noise_traffic/recording_3/outward_facing_mic.wav,[],[]
/mnt/data728/datasets/coughvit-test-sets/cough-detection/20724/mov_sit/background_noise_traffic/recording_4/outward_facing_mic.wav,"[1.02, 1.25, 2.47, 2.63]","[1.25, 1.665, 2.63, 3.045]"
/mnt/data728/datasets/coughvit-test-sets/cough-detection/20724/mov_sit/background_noise_traffic/recording_5/outward_facing_mic.wav,[],[]
/mnt/data728/datasets/coughvit-test-sets/cough-detection/20724/mov_sit/background_noise_traffic/recording_6/outward_facing_mic.wav,[],[]
/mnt/data728/datasets/coughvit-test-sets/cough-detection/20724/mov_sit/background_noise_traffic/recording_7/outward_facing_mic.wav,[],[]
/mnt/data728/datasets/coughvit-test-sets/cough-detection/20724/mov_sit/background_noise_traffic/recording_8/outward_facing_mic.wav,[],[]
/mnt/data728/datasets/coughvit-test-sets/cough-detection/20724/mov_sit/background_noise_traffic/recording_9/outward_facing_mic.wav,"[2.54, 2.7, 4.33, 4.49, 4.85, 6.86, 7.02, 7.22, 7.38]","[2.7, 3.115, 4.49, 4.85, 5.265, 7.02, 7.22, 7.38, 7.795]"
/mnt/data728/datasets/coughvit-test-sets/cough-detection/20724/mov_walk/background_noise_music/recording_0/outward_facing_mic.wav,"[2.21, 4.06, 7.52, 7.69]","[2.625, 4.475, 7.69, 8.105]"
/mnt/data728/datasets/coughvit-test-sets/cough-detection/20724/mov_walk/background_noise_music/recording_1/outward_facing_mic.wav,"[1.01, 1.17, 1.36, 2.36, 2.56, 2.76, 6.77, 6.93]","[1.17, 1.36, 1.7750000000000001, 2.56, 2.76, 3.175, 6.93, 7.345]"
/mnt/data728/datasets/coughvit-test-sets/cough-detection/20724/mov_walk/background_noise_music/recording_10/outward_facing_mic.wav,"[0.53, 1.81, 1.97, 2.13, 2.32, 4.17, 4.41, 6.89, 7.09, 7.44, 8.95, 9.12]","[0.9450000000000001, 1.97, 2.13, 2.32, 2.735, 4.41, 4.825, 7.09, 7.44, 7.855, 9.12, 9.534999999999998]"
/mnt/data728/datasets/coughvit-test-sets/cough-detection/20724/mov_walk/background_noise_music/recording_11/outward_facing_mic.wav,[],[]
/mnt/data728/datasets/coughvit-test-sets/cough-detection/20724/mov_walk/background_noise_music/recording_2/outward_facing_mic.wav,[],[]
/mnt/data728/datasets/coughvit-test-sets/cough-detection/20724/mov_walk/background_noise_music/recording_3/outward_facing_mic.wav,"[0.43, 2.71, 2.87, 7.92]","[0.845, 2.87, 3.285, 8.334999999999999]"
/mnt/data728/datasets/coughvit-test-sets/cough-detection/20724/mov_walk/background_noise_music/recording_4/outward_facing_mic.wav,"[0.42, 0.82, 1.19, 3.11, 3.27, 3.57, 5.75, 5.91, 6.69, 8.29, 8.45, 8.63, 8.79, 9.14]","[0.82, 1.19, 1.605, 3.27, 3.57, 3.985, 5.91, 6.325, 7.105, 8.45, 8.63, 8.79, 9.14, 9.555]"
/mnt/data728/datasets/coughvit-test-sets/cough-detection/20724/mov_walk/background_noise_music/recording_5/outward_facing_mic.wav,"[3.34, 3.56, 8.16, 8.76]","[3.56, 3.975, 8.575, 9.174999999999999]"
/mnt/data728/datasets/coughvit-test-sets/cough-detection/20724/mov_walk/background_noise_music/recording_6/outward_facing_mic.wav,"[0.18, 0.34, 0.58, 0.74, 2.78, 2.97, 3.13, 4.7, 4.86, 6.61, 6.77, 6.93, 7.09, 8.72, 8.88, 9.04, 9.2, 9.36, 9.52]","[0.34, 0.58, 0.74, 1.155, 2.97, 3.13, 3.545, 4.86, 5.275, 6.77, 6.93, 7.09, 7.505, 8.88, 9.04, 9.2, 9.36, 9.52, 9.934999999999999]"
/mnt/data728/datasets/coughvit-test-sets/cough-detection/20724/mov_walk/background_noise_music/recording_7/outward_facing_mic.wav,[],[]
/mnt/data728/datasets/coughvit-test-sets/cough-detection/20724/mov_walk/background_noise_music/recording_8/outward_facing_mic.wav,"[0.14, 0.3, 0.47, 0.63, 1.93, 2.09, 2.26, 2.42, 2.58, 4.76, 4.99, 5.27, 5.43, 6.56, 6.72, 6.89, 7.05, 8.55, 8.71]","[0.3, 0.47, 0.63, 1.045, 2.09, 2.26, 2.42, 2.58, 2.995, 4.99, 5.27, 5.43, 5.845, 6.72, 6.89, 7.05, 7.465, 8.71, 9.125]"
/mnt/data728/datasets/coughvit-test-sets/cough-detection/20724/mov_walk/background_noise_music/recording_9/outward_facing_mic.wav,[],[]
/mnt/data728/datasets/coughvit-test-sets/cough-detection/20724/mov_walk/background_noise_nothing/recording_0/outward_facing_mic.wav,[],[]
/mnt/data728/datasets/coughvit-test-sets/cough-detection/20724/mov_walk/background_noise_nothing/recording_1/outward_facing_mic.wav,[],[]
/mnt/data728/datasets/coughvit-test-sets/cough-detection/20724/mov_walk/background_noise_nothing/recording_10/outward_facing_mic.wav,"[3.19, 3.39, 5.9, 6.06]","[3.39, 3.805, 6.06, 6.475]"
/mnt/data728/datasets/coughvit-test-sets/cough-detection/20724/mov_walk/background_noise_nothing/recording_11/outward_facing_mic.wav,"[0.3, 0.46, 0.62, 0.78, 2.41, 2.57, 2.73, 2.89, 5.04, 5.2, 5.44, 5.6, 7.42, 7.58, 7.78, 7.94, 8.1, 9.66, 9.82]","[0.46, 0.62, 0.78, 1.195, 2.57, 2.73, 2.89, 3.305, 5.2, 5.44, 5.6, 6.015, 7.58, 7.78, 7.94, 8.1, 8.514999999999999, 9.82, 10.235]"
/mnt/data728/datasets/coughvit-test-sets/cough-detection/20724/mov_walk/background_noise_nothing/recording_2/outward_facing_mic.wav,"[0.38, 7.1]","[0.7949999999999999, 7.515]"
/mnt/data728/datasets/coughvit-test-sets/cough-detection/20724/mov_walk/background_noise_nothing/recording_3/outward_facing_mic.wav,"[0.81, 3.96, 4.47, 6.57, 6.79]","[1.225, 4.375, 4.885, 6.79, 7.205]"
/mnt/data728/datasets/coughvit-test-sets/cough-detection/20724/mov_walk/background_noise_nothing/recording_4/outward_facing_mic.wav,"[1.11, 2.75, 2.91, 3.18, 3.36, 5.06, 5.22, 5.38, 5.54, 7.04, 7.2, 7.37, 7.53, 7.79, 7.95, 9.37, 9.75]","[1.5250000000000001, 2.91, 3.18, 3.36, 3.775, 5.22, 5.38, 5.54, 5.955, 7.2, 7.37, 7.53, 7.79, 7.95, 8.365, 9.75, 10.165]"
/mnt/data728/datasets/coughvit-test-sets/cough-detection/20724/mov_walk/background_noise_nothing/recording_5/outward_facing_mic.wav,"[0.54, 0.7, 2.62, 2.78, 2.94, 3.1, 4.51, 4.67, 4.85, 5.01, 6.47, 6.63, 6.79, 6.95, 8.34, 8.5, 8.67, 8.83, 10.38, 10.67]","[0.7, 1.115, 2.78, 2.94, 3.1, 3.515, 4.67, 4.85, 5.01, 5.425, 6.63, 6.79, 6.95, 7.365, 8.5, 8.67, 8.83, 9.245, 10.67, 11.084999999999999]"
/mnt/data728/datasets/coughvit-test-sets/cough-detection/20724/mov_walk/background_noise_nothing/recording_6/outward_facing_mic.wav,[],[]
/mnt/data728/datasets/coughvit-test-sets/cough-detection/20724/mov_walk/background_noise_nothing/recording_7/outward_facing_mic.wav,"[5.5, 7.5]","[5.915, 7.915]"
/mnt/data728/datasets/coughvit-test-sets/cough-detection/20724/mov_walk/background_noise_nothing/recording_8/outward_facing_mic.wav,"[4.55, 4.9, 6.71, 6.87]","[4.9, 5.315, 6.87, 7.285]"
/mnt/data728/datasets/coughvit-test-sets/cough-detection/20724/mov_walk/background_noise_nothing/recording_9/outward_facing_mic.wav,[],[]
/mnt/data728/datasets/coughvit-test-sets/cough-detection/20724/mov_walk/background_noise_someone_else_cough/recording_0/outward_facing_mic.wav,[],[]
/mnt/data728/datasets/coughvit-test-sets/cough-detection/20724/mov_walk/background_noise_someone_else_cough/recording_1/outward_facing_mic.wav,"[3.11, 7.05, 8.8]","[3.525, 7.465, 9.215]"
/mnt/data728/datasets/coughvit-test-sets/cough-detection/20724/mov_walk/background_noise_someone_else_cough/recording_10/outward_facing_mic.wav,[2.26],[2.675]
/mnt/data728/datasets/coughvit-test-sets/cough-detection/20724/mov_walk/background_noise_someone_else_cough/recording_11/outward_facing_mic.wav,[],[]
/mnt/data728/datasets/coughvit-test-sets/cough-detection/20724/mov_walk/background_noise_someone_else_cough/recording_2/outward_facing_mic.wav,"[3.91, 5.44]","[4.325, 5.855]"
/mnt/data728/datasets/coughvit-test-sets/cough-detection/20724/mov_walk/background_noise_someone_else_cough/recording_3/outward_facing_mic.wav,"[3.53, 3.69, 3.87, 4.03, 6.31, 8.2, 8.4, 8.56]","[3.69, 3.87, 4.03, 4.445, 6.725, 8.4, 8.56, 8.975]"
/mnt/data728/datasets/coughvit-test-sets/cough-detection/20724/mov_walk/background_noise_someone_else_cough/recording_4/outward_facing_mic.wav,"[2.78, 3.37]","[3.195, 3.785]"
/mnt/data728/datasets/coughvit-test-sets/cough-detection/20724/mov_walk/background_noise_someone_else_cough/recording_5/outward_facing_mic.wav,"[0.16, 0.32, 2.04, 2.24, 2.4, 2.56, 4.58, 4.74, 4.9, 5.06, 5.22, 6.97, 7.13, 7.29, 7.45]","[0.32, 0.735, 2.24, 2.4, 2.56, 2.975, 4.74, 4.9, 5.06, 5.22, 5.635, 7.13, 7.29, 7.45, 7.865]"
/mnt/data728/datasets/coughvit-test-sets/cough-detection/20724/mov_walk/background_noise_someone_else_cough/recording_6/outward_facing_mic.wav,[],[]
/mnt/data728/datasets/coughvit-test-sets/cough-detection/20724/mov_walk/background_noise_someone_else_cough/recording_7/outward_facing_mic.wav,"[0.45, 0.71, 0.87, 2.11, 2.27, 2.48, 2.64, 2.85, 3.01, 4.28, 4.44, 4.6, 4.76, 6.5, 6.66, 6.85, 7.01, 7.17, 7.33, 8.72, 8.96, 9.12]","[0.71, 0.87, 1.285, 2.27, 2.48, 2.64, 2.85, 3.01, 3.425, 4.44, 4.6, 4.76, 5.175, 6.66, 6.85, 7.01, 7.17, 7.33, 7.745, 8.96, 9.12, 9.534999999999998]"
/mnt/data728/datasets/coughvit-test-sets/cough-detection/20724/mov_walk/background_noise_someone_else_cough/recording_8/outward_facing_mic.wav,"[0.7, 0.86, 1.02, 1.18, 1.41, 1.57, 2.79, 2.95, 4.49, 4.66, 6.62, 6.78, 6.95, 7.11, 7.29, 7.45, 9.09, 9.25]","[0.86, 1.02, 1.18, 1.41, 1.57, 1.985, 2.95, 3.365, 4.66, 5.075, 6.78, 6.95, 7.11, 7.29, 7.45, 7.865, 9.25, 9.665]"
/mnt/data728/datasets/coughvit-test-sets/cough-detection/20724/mov_walk/background_noise_someone_else_cough/recording_9/outward_facing_mic.wav,"[0.65, 7.85]","[1.065, 8.264999999999999]"
/mnt/data728/datasets/coughvit-test-sets/cough-detection/20724/mov_walk/background_noise_traffic/recording_0/outward_facing_mic.wav,"[0.48, 0.64, 1.17, 2.99, 3.15, 3.68, 5.41, 5.57, 5.75, 5.91]","[0.64, 1.055, 1.585, 3.15, 3.565, 4.095, 5.57, 5.75, 5.91, 6.325]"
/mnt/data728/datasets/coughvit-test-sets/cough-detection/20724/mov_walk/background_noise_traffic/recording_1/outward_facing_mic.wav,[],[]
/mnt/data728/datasets/coughvit-test-sets/cough-detection/20724/mov_walk/background_noise_traffic/recording_10/outward_facing_mic.wav,"[5.95, 6.11, 6.39]","[6.11, 6.39, 6.805]"
/mnt/data728/datasets/coughvit-test-sets/cough-detection/20724/mov_walk/background_noise_traffic/recording_11/outward_facing_mic.wav,[],[]
/mnt/data728/datasets/coughvit-test-sets/cough-detection/20724/mov_walk/background_noise_traffic/recording_2/outward_facing_mic.wav,"[0.75, 0.92, 3.37, 5.94, 6.1, 8.51, 8.67, 8.91, 9.07]","[0.92, 1.335, 3.785, 6.1, 6.515, 8.67, 8.91, 9.07, 9.485]"
/mnt/data728/datasets/coughvit-test-sets/cough-detection/20724/mov_walk/background_noise_traffic/recording_3/outward_facing_mic.wav,"[3.77, 3.95, 7.97]","[3.95, 4.365, 8.385]"
/mnt/data728/datasets/coughvit-test-sets/cough-detection/20724/mov_walk/background_noise_traffic/recording_4/outward_facing_mic.wav,"[0.63, 0.79, 2.95, 3.11, 3.35, 3.51, 5.05, 5.21, 5.45, 5.61, 5.81, 5.97, 7.2, 7.42, 7.58]","[0.79, 1.205, 3.11, 3.35, 3.51, 3.925, 5.21, 5.45, 5.61, 5.81, 5.97, 6.385, 7.42, 7.58, 7.995]"
/mnt/data728/datasets/coughvit-test-sets/cough-detection/20724/mov_walk/background_noise_traffic/recording_5/outward_facing_mic.wav,"[1.03, 3.19, 3.38, 3.57, 7.82, 8.07, 8.24, 8.44]","[1.445, 3.38, 3.57, 3.985, 8.07, 8.24, 8.44, 8.854999999999999]"
/mnt/data728/datasets/coughvit-test-sets/cough-detection/20724/mov_walk/background_noise_traffic/recording_6/outward_facing_mic.wav,[],[]
/mnt/data728/datasets/coughvit-test-sets/cough-detection/20724/mov_walk/background_noise_traffic/recording_7/outward_facing_mic.wav,[],[]
/mnt/data728/datasets/coughvit-test-sets/cough-detection/20724/mov_walk/background_noise_traffic/recording_8/outward_facing_mic.wav,[],[]
/mnt/data728/datasets/coughvit-test-sets/cough-detection/20724/mov_walk/background_noise_traffic/recording_9/outward_facing_mic.wav,"[0.41, 0.57, 0.82, 0.98, 1.14, 1.3, 1.46, 2.87, 3.03, 3.34, 3.5, 3.72, 3.88, 5.38, 5.54, 5.83, 6.01]","[0.57, 0.82, 0.98, 1.14, 1.3, 1.46, 1.875, 3.03, 3.34, 3.5, 3.72, 3.88, 4.295, 5.54, 5.83, 6.01, 6.425]"
/mnt/data728/datasets/coughvit-test-sets/cough-detection/33910/mov_sit/background_noise_music/recording_0/outward_facing_mic.wav,[],[]
/mnt/data728/datasets/coughvit-test-sets/cough-detection/33910/mov_sit/background_noise_music/recording_1/outward_facing_mic.wav,[],[]
/mnt/data728/datasets/coughvit-test-sets/cough-detection/33910/mov_sit/background_noise_music/recording_10/outward_facing_mic.wav,[],[]
/mnt/data728/datasets/coughvit-test-sets/cough-detection/33910/mov_sit/background_noise_music/recording_11/outward_facing_mic.wav,[],[]
/mnt/data728/datasets/coughvit-test-sets/cough-detection/33910/mov_sit/background_noise_music/recording_2/outward_facing_mic.wav,[],[]
/mnt/data728/datasets/coughvit-test-sets/cough-detection/33910/mov_sit/background_noise_music/recording_3/outward_facing_mic.wav,[6.67],[7.085]
/mnt/data728/datasets/coughvit-test-sets/cough-detection/33910/mov_sit/background_noise_music/recording_4/outward_facing_mic.wav,[],[]
/mnt/data728/datasets/coughvit-test-sets/cough-detection/33910/mov_sit/background_noise_music/recording_5/outward_facing_mic.wav,[],[]
/mnt/data728/datasets/coughvit-test-sets/cough-detection/33910/mov_sit/background_noise_music/recording_6/outward_facing_mic.wav,[],[]
/mnt/data728/datasets/coughvit-test-sets/cough-detection/33910/mov_sit/background_noise_music/recording_7/outward_facing_mic.wav,[],[]
/mnt/data728/datasets/coughvit-test-sets/cough-detection/33910/mov_sit/background_noise_music/recording_8/outward_facing_mic.wav,[],[]
/mnt/data728/datasets/coughvit-test-sets/cough-detection/33910/mov_sit/background_noise_music/recording_9/outward_facing_mic.wav,"[1.83, 1.99]","[1.99, 2.405]"
/mnt/data728/datasets/coughvit-test-sets/cough-detection/33910/mov_sit/background_noise_nothing/recording_0/outward_facing_mic.wav,[],[]
/mnt/data728/datasets/coughvit-test-sets/cough-detection/33910/mov_sit/background_noise_nothing/recording_1/outward_facing_mic.wav,[],[]
/mnt/data728/datasets/coughvit-test-sets/cough-detection/33910/mov_sit/background_noise_nothing/recording_11/outward_facing_mic.wav,[],[]
/mnt/data728/datasets/coughvit-test-sets/cough-detection/33910/mov_sit/background_noise_nothing/recording_2/outward_facing_mic.wav,[],[]
/mnt/data728/datasets/coughvit-test-sets/cough-detection/33910/mov_sit/background_noise_nothing/recording_3/outward_facing_mic.wav,"[0.51, 0.67, 1.63]","[0.67, 1.085, 2.045]"
/mnt/data728/datasets/coughvit-test-sets/cough-detection/33910/mov_sit/background_noise_nothing/recording_5/outward_facing_mic.wav,[],[]
/mnt/data728/datasets/coughvit-test-sets/cough-detection/33910/mov_sit/background_noise_nothing/recording_6/outward_facing_mic.wav,[],[]
/mnt/data728/datasets/coughvit-test-sets/cough-detection/33910/mov_sit/background_noise_nothing/recording_8/outward_facing_mic.wav,[],[]
/mnt/data728/datasets/coughvit-test-sets/cough-detection/33910/mov_sit/background_noise_nothing/recording_9/outward_facing_mic.wav,[],[]
/mnt/data728/datasets/coughvit-test-sets/cough-detection/33910/mov_sit/background_noise_someone_else_cough/recording_0/outward_facing_mic.wav,[],[]
/mnt/data728/datasets/coughvit-test-sets/cough-detection/33910/mov_sit/background_noise_someone_else_cough/recording_1/outward_facing_mic.wav,[],[]
/mnt/data728/datasets/coughvit-test-sets/cough-detection/33910/mov_sit/background_noise_someone_else_cough/recording_10/outward_facing_mic.wav,[],[]
/mnt/data728/datasets/coughvit-test-sets/cough-detection/33910/mov_sit/background_noise_someone_else_cough/recording_11/outward_facing_mic.wav,[],[]
/mnt/data728/datasets/coughvit-test-sets/cough-detection/33910/mov_sit/background_noise_someone_else_cough/recording_2/outward_facing_mic.wav,[5.87],[6.285]
/mnt/data728/datasets/coughvit-test-sets/cough-detection/33910/mov_sit/background_noise_someone_else_cough/recording_3/outward_facing_mic.wav,[],[]
/mnt/data728/datasets/coughvit-test-sets/cough-detection/33910/mov_sit/background_noise_someone_else_cough/recording_4/outward_facing_mic.wav,[],[]
/mnt/data728/datasets/coughvit-test-sets/cough-detection/33910/mov_sit/background_noise_someone_else_cough/recording_5/outward_facing_mic.wav,[],[]
/mnt/data728/datasets/coughvit-test-sets/cough-detection/33910/mov_sit/background_noise_someone_else_cough/recording_6/outward_facing_mic.wav,[],[]
/mnt/data728/datasets/coughvit-test-sets/cough-detection/33910/mov_sit/background_noise_someone_else_cough/recording_7/outward_facing_mic.wav,[],[]
/mnt/data728/datasets/coughvit-test-sets/cough-detection/33910/mov_sit/background_noise_someone_else_cough/recording_8/outward_facing_mic.wav,[],[]
/mnt/data728/datasets/coughvit-test-sets/cough-detection/33910/mov_sit/background_noise_someone_else_cough/recording_9/outward_facing_mic.wav,[],[]
/mnt/data728/datasets/coughvit-test-sets/cough-detection/33910/mov_sit/background_noise_traffic/recording_0/outward_facing_mic.wav,[],[]
/mnt/data728/datasets/coughvit-test-sets/cough-detection/33910/mov_sit/background_noise_traffic/recording_1/outward_facing_mic.wav,[],[]
/mnt/data728/datasets/coughvit-test-sets/cough-detection/33910/mov_sit/background_noise_traffic/recording_10/outward_facing_mic.wav,[],[]
/mnt/data728/datasets/coughvit-test-sets/cough-detection/33910/mov_sit/background_noise_traffic/recording_11/outward_facing_mic.wav,[],[]
/mnt/data728/datasets/coughvit-test-sets/cough-detection/33910/mov_sit/background_noise_traffic/recording_3/outward_facing_mic.wav,[],[]
/mnt/data728/datasets/coughvit-test-sets/cough-detection/33910/mov_sit/background_noise_traffic/recording_4/outward_facing_mic.wav,[],[]
/mnt/data728/datasets/coughvit-test-sets/cough-detection/33910/mov_sit/background_noise_traffic/recording_5/outward_facing_mic.wav,[],[]
/mnt/data728/datasets/coughvit-test-sets/cough-detection/33910/mov_sit/background_noise_traffic/recording_6/outward_facing_mic.wav,[],[]
/mnt/data728/datasets/coughvit-test-sets/cough-detection/33910/mov_sit/background_noise_traffic/recording_7/outward_facing_mic.wav,[],[]
/mnt/data728/datasets/coughvit-test-sets/cough-detection/33910/mov_sit/background_noise_traffic/recording_8/outward_facing_mic.wav,[],[]
/mnt/data728/datasets/coughvit-test-sets/cough-detection/33910/mov_sit/background_noise_traffic/recording_9/outward_facing_mic.wav,[0.92],[1.335]
/mnt/data728/datasets/coughvit-test-sets/cough-detection/33910/mov_walk/background_noise_music/recording_0/outward_facing_mic.wav,[],[]
/mnt/data728/datasets/coughvit-test-sets/cough-detection/33910/mov_walk/background_noise_music/recording_1/outward_facing_mic.wav,[],[]
/mnt/data728/datasets/coughvit-test-sets/cough-detection/33910/mov_walk/background_noise_music/recording_10/outward_facing_mic.wav,[],[]
/mnt/data728/datasets/coughvit-test-sets/cough-detection/33910/mov_walk/background_noise_music/recording_11/outward_facing_mic.wav,[9.63],[10.045]
/mnt/data728/datasets/coughvit-test-sets/cough-detection/33910/mov_walk/background_noise_music/recording_2/outward_facing_mic.wav,[],[]
/mnt/data728/datasets/coughvit-test-sets/cough-detection/33910/mov_walk/background_noise_music/recording_3/outward_facing_mic.wav,"[1.5, 1.66]","[1.66, 2.0749999999999997]"
/mnt/data728/datasets/coughvit-test-sets/cough-detection/33910/mov_walk/background_noise_music/recording_4/outward_facing_mic.wav,[],[]
/mnt/data728/datasets/coughvit-test-sets/cough-detection/33910/mov_walk/background_noise_music/recording_5/outward_facing_mic.wav,[],[]
/mnt/data728/datasets/coughvit-test-sets/cough-detection/33910/mov_walk/background_noise_music/recording_6/outward_facing_mic.wav,[],[]
/mnt/data728/datasets/coughvit-test-sets/cough-detection/33910/mov_walk/background_noise_music/recording_7/outward_facing_mic.wav,[],[]
/mnt/data728/datasets/coughvit-test-sets/cough-detection/33910/mov_walk/background_noise_music/recording_8/outward_facing_mic.wav,[],[]
/mnt/data728/datasets/coughvit-test-sets/cough-detection/33910/mov_walk/background_noise_music/recording_9/outward_facing_mic.wav,[],[]
/mnt/data728/datasets/coughvit-test-sets/cough-detection/33910/mov_walk/background_noise_nothing/recording_0/outward_facing_mic.wav,[],[]
/mnt/data728/datasets/coughvit-test-sets/cough-detection/33910/mov_walk/background_noise_nothing/recording_1/outward_facing_mic.wav,[],[]
/mnt/data728/datasets/coughvit-test-sets/cough-detection/33910/mov_walk/background_noise_nothing/recording_10/outward_facing_mic.wav,[],[]
/mnt/data728/datasets/coughvit-test-sets/cough-detection/33910/mov_walk/background_noise_nothing/recording_11/outward_facing_mic.wav,[],[]
/mnt/data728/datasets/coughvit-test-sets/cough-detection/33910/mov_walk/background_noise_nothing/recording_2/outward_facing_mic.wav,[],[]
/mnt/data728/datasets/coughvit-test-sets/cough-detection/33910/mov_walk/background_noise_nothing/recording_3/outward_facing_mic.wav,[],[]
/mnt/data728/datasets/coughvit-test-sets/cough-detection/33910/mov_walk/background_noise_nothing/recording_4/outward_facing_mic.wav,[],[]
/mnt/data728/datasets/coughvit-test-sets/cough-detection/33910/mov_walk/background_noise_nothing/recording_5/outward_facing_mic.wav,[],[]
/mnt/data728/datasets/coughvit-test-sets/cough-detection/33910/mov_walk/background_noise_nothing/recording_6/outward_facing_mic.wav,[],[]
/mnt/data728/datasets/coughvit-test-sets/cough-detection/33910/mov_walk/background_noise_nothing/recording_7/outward_facing_mic.wav,[],[]
/mnt/data728/datasets/coughvit-test-sets/cough-detection/33910/mov_walk/background_noise_nothing/recording_8/outward_facing_mic.wav,[],[]
/mnt/data728/datasets/coughvit-test-sets/cough-detection/33910/mov_walk/background_noise_nothing/recording_9/outward_facing_mic.wav,[],[]
/mnt/data728/datasets/coughvit-test-sets/cough-detection/33910/mov_walk/background_noise_someone_else_cough/recording_0/outward_facing_mic.wav,[],[]
/mnt/data728/datasets/coughvit-test-sets/cough-detection/33910/mov_walk/background_noise_someone_else_cough/recording_1/outward_facing_mic.wav,[],[]
/mnt/data728/datasets/coughvit-test-sets/cough-detection/33910/mov_walk/background_noise_someone_else_cough/recording_10/outward_facing_mic.wav,"[1.62, 1.78, 5.35, 5.53, 5.69, 6.68]","[1.78, 2.195, 5.53, 5.69, 6.105, 7.095]"
/mnt/data728/datasets/coughvit-test-sets/cough-detection/33910/mov_walk/background_noise_someone_else_cough/recording_11/outward_facing_mic.wav,[],[]
/mnt/data728/datasets/coughvit-test-sets/cough-detection/33910/mov_walk/background_noise_someone_else_cough/recording_2/outward_facing_mic.wav,[],[]
/mnt/data728/datasets/coughvit-test-sets/cough-detection/33910/mov_walk/background_noise_someone_else_cough/recording_4/outward_facing_mic.wav,[],[]
/mnt/data728/datasets/coughvit-test-sets/cough-detection/33910/mov_walk/background_noise_someone_else_cough/recording_5/outward_facing_mic.wav,[],[]
/mnt/data728/datasets/coughvit-test-sets/cough-detection/33910/mov_walk/background_noise_someone_else_cough/recording_6/outward_facing_mic.wav,[],[]
/mnt/data728/datasets/coughvit-test-sets/cough-detection/33910/mov_walk/background_noise_someone_else_cough/recording_7/outward_facing_mic.wav,[],[]
/mnt/data728/datasets/coughvit-test-sets/cough-detection/33910/mov_walk/background_noise_someone_else_cough/recording_8/outward_facing_mic.wav,[],[]
/mnt/data728/datasets/coughvit-test-sets/cough-detection/33910/mov_walk/background_noise_someone_else_cough/recording_9/outward_facing_mic.wav,[4.58],[4.995]
/mnt/data728/datasets/coughvit-test-sets/cough-detection/33910/mov_walk/background_noise_traffic/recording_0/outward_facing_mic.wav,[],[]
/mnt/data728/datasets/coughvit-test-sets/cough-detection/33910/mov_walk/background_noise_traffic/recording_1/outward_facing_mic.wav,[],[]
/mnt/data728/datasets/coughvit-test-sets/cough-detection/33910/mov_walk/background_noise_traffic/recording_10/outward_facing_mic.wav,[],[]
/mnt/data728/datasets/coughvit-test-sets/cough-detection/33910/mov_walk/background_noise_traffic/recording_11/outward_facing_mic.wav,[],[]
/mnt/data728/datasets/coughvit-test-sets/cough-detection/33910/mov_walk/background_noise_traffic/recording_2/outward_facing_mic.wav,[],[]
/mnt/data728/datasets/coughvit-test-sets/cough-detection/33910/mov_walk/background_noise_traffic/recording_3/outward_facing_mic.wav,[],[]
/mnt/data728/datasets/coughvit-test-sets/cough-detection/33910/mov_walk/background_noise_traffic/recording_4/outward_facing_mic.wav,[],[]
/mnt/data728/datasets/coughvit-test-sets/cough-detection/33910/mov_walk/background_noise_traffic/recording_5/outward_facing_mic.wav,[],[]
/mnt/data728/datasets/coughvit-test-sets/cough-detection/33910/mov_walk/background_noise_traffic/recording_6/outward_facing_mic.wav,[],[]
/mnt/data728/datasets/coughvit-test-sets/cough-detection/33910/mov_walk/background_noise_traffic/recording_7/outward_facing_mic.wav,[],[]
/mnt/data728/datasets/coughvit-test-sets/cough-detection/33910/mov_walk/background_noise_traffic/recording_8/outward_facing_mic.wav,[0.67],[1.085]
/mnt/data728/datasets/coughvit-test-sets/cough-detection/33910/mov_walk/background_noise_traffic/recording_9/outward_facing_mic.wav,[],[]
/mnt/data728/datasets/coughvit-test-sets/cough-detection/49393/mov_sit/background_noise_music/recording_0/outward_facing_mic.wav,[],[]
/mnt/data728/datasets/coughvit-test-sets/cough-detection/49393/mov_sit/background_noise_music/recording_1/outward_facing_mic.wav,[],[]
/mnt/data728/datasets/coughvit-test-sets/cough-detection/49393/mov_sit/background_noise_music/recording_10/outward_facing_mic.wav,[],[]
/mnt/data728/datasets/coughvit-test-sets/cough-detection/49393/mov_sit/background_noise_music/recording_11/outward_facing_mic.wav,[],[]
/mnt/data728/datasets/coughvit-test-sets/cough-detection/49393/mov_sit/background_noise_music/recording_2/outward_facing_mic.wav,[],[]
/mnt/data728/datasets/coughvit-test-sets/cough-detection/49393/mov_sit/background_noise_music/recording_3/outward_facing_mic.wav,[],[]
/mnt/data728/datasets/coughvit-test-sets/cough-detection/49393/mov_sit/background_noise_music/recording_4/outward_facing_mic.wav,[],[]
/mnt/data728/datasets/coughvit-test-sets/cough-detection/49393/mov_sit/background_noise_music/recording_5/outward_facing_mic.wav,"[3.83, 3.99]","[3.99, 4.405]"
/mnt/data728/datasets/coughvit-test-sets/cough-detection/49393/mov_sit/background_noise_music/recording_6/outward_facing_mic.wav,[],[]
/mnt/data728/datasets/coughvit-test-sets/cough-detection/49393/mov_sit/background_noise_music/recording_7/outward_facing_mic.wav,[],[]
/mnt/data728/datasets/coughvit-test-sets/cough-detection/49393/mov_sit/background_noise_music/recording_8/outward_facing_mic.wav,[],[]
/mnt/data728/datasets/coughvit-test-sets/cough-detection/49393/mov_sit/background_noise_music/recording_9/outward_facing_mic.wav,[],[]
/mnt/data728/datasets/coughvit-test-sets/cough-detection/49393/mov_sit/background_noise_nothing/recording_0/outward_facing_mic.wav,[],[]
/mnt/data728/datasets/coughvit-test-sets/cough-detection/49393/mov_sit/background_noise_nothing/recording_1/outward_facing_mic.wav,[],[]
/mnt/data728/datasets/coughvit-test-sets/cough-detection/49393/mov_sit/background_noise_nothing/recording_10/outward_facing_mic.wav,[],[]
/mnt/data728/datasets/coughvit-test-sets/cough-detection/49393/mov_sit/background_noise_nothing/recording_11/outward_facing_mic.wav,[],[]
/mnt/data728/datasets/coughvit-test-sets/cough-detection/49393/mov_sit/background_noise_nothing/recording_2/outward_facing_mic.wav,"[1.19, 2.27]","[1.605, 2.685]"
/mnt/data728/datasets/coughvit-test-sets/cough-detection/49393/mov_sit/background_noise_nothing/recording_3/outward_facing_mic.wav,[],[]
/mnt/data728/datasets/coughvit-test-sets/cough-detection/49393/mov_sit/background_noise_nothing/recording_4/outward_facing_mic.wav,[],[]
/mnt/data728/datasets/coughvit-test-sets/cough-detection/49393/mov_sit/background_noise_nothing/recording_5/outward_facing_mic.wav,[],[]
/mnt/data728/datasets/coughvit-test-sets/cough-detection/49393/mov_sit/background_noise_nothing/recording_6/outward_facing_mic.wav,[],[]
/mnt/data728/datasets/coughvit-test-sets/cough-detection/49393/mov_sit/background_noise_nothing/recording_7/outward_facing_mic.wav,[],[]
/mnt/data728/datasets/coughvit-test-sets/cough-detection/49393/mov_sit/background_noise_nothing/recording_8/outward_facing_mic.wav,"[1.13, 1.29, 2.19, 2.35, 2.6, 2.76, 5.35, 5.51, 7.35]","[1.29, 1.705, 2.35, 2.6, 2.76, 3.175, 5.51, 5.925, 7.765]"
/mnt/data728/datasets/coughvit-test-sets/cough-detection/49393/mov_sit/background_noise_nothing/recording_9/outward_facing_mic.wav,[],[]
/mnt/data728/datasets/coughvit-test-sets/cough-detection/49393/mov_sit/background_noise_someone_else_cough/recording_0/outward_facing_mic.wav,[],[]
/mnt/data728/datasets/coughvit-test-sets/cough-detection/49393/mov_sit/background_noise_someone_else_cough/recording_1/outward_facing_mic.wav,[],[]
/mnt/data728/datasets/coughvit-test-sets/cough-detection/49393/mov_sit/background_noise_someone_else_cough/recording_10/outward_facing_mic.wav,[],[]
/mnt/data728/datasets/coughvit-test-sets/cough-detection/49393/mov_sit/background_noise_someone_else_cough/recording_11/outward_facing_mic.wav,"[1.03, 1.19, 1.38, 2.86, 3.02]","[1.19, 1.38, 1.795, 3.02, 3.435]"
/mnt/data728/datasets/coughvit-test-sets/cough-detection/49393/mov_sit/background_noise_someone_else_cough/recording_2/outward_facing_mic.wav,[],[]
/mnt/data728/datasets/coughvit-test-sets/cough-detection/49393/mov_sit/background_noise_someone_else_cough/recording_3/outward_facing_mic.wav,[],[]
/mnt/data728/datasets/coughvit-test-sets/cough-detection/49393/mov_sit/background_noise_someone_else_cough/recording_4/outward_facing_mic.wav,[],[]
/mnt/data728/datasets/coughvit-test-sets/cough-detection/49393/mov_sit/background_noise_someone_else_cough/recording_5/outward_facing_mic.wav,[],[]
/mnt/data728/datasets/coughvit-test-sets/cough-detection/49393/mov_sit/background_noise_someone_else_cough/recording_6/outward_facing_mic.wav,[],[]
/mnt/data728/datasets/coughvit-test-sets/cough-detection/49393/mov_sit/background_noise_someone_else_cough/recording_7/outward_facing_mic.wav,"[1.3, 4.37, 6.36, 6.52]","[1.715, 4.785, 6.52, 6.935]"
/mnt/data728/datasets/coughvit-test-sets/cough-detection/49393/mov_sit/background_noise_someone_else_cough/recording_8/outward_facing_mic.wav,[],[]
/mnt/data728/datasets/coughvit-test-sets/cough-detection/49393/mov_sit/background_noise_someone_else_cough/recording_9/outward_facing_mic.wav,[],[]
/mnt/data728/datasets/coughvit-test-sets/cough-detection/49393/mov_sit/background_noise_traffic/recording_0/outward_facing_mic.wav,[],[]
/mnt/data728/datasets/coughvit-test-sets/cough-detection/49393/mov_sit/background_noise_traffic/recording_1/outward_facing_mic.wav,[],[]
/mnt/data728/datasets/coughvit-test-sets/cough-detection/49393/mov_sit/background_noise_traffic/recording_10/outward_facing_mic.wav,[],[]
/mnt/data728/datasets/coughvit-test-sets/cough-detection/49393/mov_sit/background_noise_traffic/recording_11/outward_facing_mic.wav,[],[]
/mnt/data728/datasets/coughvit-test-sets/cough-detection/49393/mov_sit/background_noise_traffic/recording_2/outward_facing_mic.wav,[],[]
/mnt/data728/datasets/coughvit-test-sets/cough-detection/49393/mov_sit/background_noise_traffic/recording_3/outward_facing_mic.wav,[],[]
/mnt/data728/datasets/coughvit-test-sets/cough-detection/49393/mov_sit/background_noise_traffic/recording_4/outward_facing_mic.wav,"[1.5, 1.66]","[1.66, 2.0749999999999997]"
/mnt/data728/datasets/coughvit-test-sets/cough-detection/49393/mov_sit/background_noise_traffic/recording_5/outward_facing_mic.wav,[],[]
/mnt/data728/datasets/coughvit-test-sets/cough-detection/49393/mov_sit/background_noise_traffic/recording_6/outward_facing_mic.wav,[],[]
/mnt/data728/datasets/coughvit-test-sets/cough-detection/49393/mov_sit/background_noise_traffic/recording_7/outward_facing_mic.wav,"[0.59, 2.14, 3.33, 6.51, 6.67]","[1.005, 2.555, 3.745, 6.67, 7.085]"
/mnt/data728/datasets/coughvit-test-sets/cough-detection/49393/mov_sit/background_noise_traffic/recording_8/outward_facing_mic.wav,[],[]
/mnt/data728/datasets/coughvit-test-sets/cough-detection/49393/mov_sit/background_noise_traffic/recording_9/outward_facing_mic.wav,[],[]
/mnt/data728/datasets/coughvit-test-sets/cough-detection/49393/mov_walk/background_noise_music/recording_0/outward_facing_mic.wav,[],[]
/mnt/data728/datasets/coughvit-test-sets/cough-detection/49393/mov_walk/background_noise_music/recording_1/outward_facing_mic.wav,[],[]
/mnt/data728/datasets/coughvit-test-sets/cough-detection/49393/mov_walk/background_noise_music/recording_10/outward_facing_mic.wav,[],[]
/mnt/data728/datasets/coughvit-test-sets/cough-detection/49393/mov_walk/background_noise_music/recording_11/outward_facing_mic.wav,"[0.32, 5.42, 5.99, 6.15]","[0.735, 5.835, 6.15, 6.565]"
/mnt/data728/datasets/coughvit-test-sets/cough-detection/49393/mov_walk/background_noise_music/recording_2/outward_facing_mic.wav,"[0.39, 1.65, 2.18, 3.25, 4.68, 7.75, 9.59]","[0.8049999999999999, 2.065, 2.595, 3.665, 5.095, 8.165, 10.004999999999999]"
/mnt/data728/datasets/coughvit-test-sets/cough-detection/49393/mov_walk/background_noise_music/recording_3/outward_facing_mic.wav,[],[]
/mnt/data728/datasets/coughvit-test-sets/cough-detection/49393/mov_walk/background_noise_music/recording_4/outward_facing_mic.wav,[],[]
/mnt/data728/datasets/coughvit-test-sets/cough-detection/49393/mov_walk/background_noise_music/recording_5/outward_facing_mic.wav,[],[]
/mnt/data728/datasets/coughvit-test-sets/cough-detection/49393/mov_walk/background_noise_music/recording_6/outward_facing_mic.wav,[],[]
/mnt/data728/datasets/coughvit-test-sets/cough-detection/49393/mov_walk/background_noise_music/recording_7/outward_facing_mic.wav,[],[]
/mnt/data728/datasets/coughvit-test-sets/cough-detection/49393/mov_walk/background_noise_music/recording_8/outward_facing_mic.wav,"[2.55, 2.71, 2.93, 3.09, 6.24, 9.06]","[2.71, 2.93, 3.09, 3.505, 6.655, 9.475]"
/mnt/data728/datasets/coughvit-test-sets/cough-detection/49393/mov_walk/background_noise_music/recording_9/outward_facing_mic.wav,[],[]
/mnt/data728/datasets/coughvit-test-sets/cough-detection/49393/mov_walk/background_noise_nothing/recording_0/outward_facing_mic.wav,[],[]
/mnt/data728/datasets/coughvit-test-sets/cough-detection/49393/mov_walk/background_noise_nothing/recording_1/outward_facing_mic.wav,[],[]
/mnt/data728/datasets/coughvit-test-sets/cough-detection/49393/mov_walk/background_noise_nothing/recording_10/outward_facing_mic.wav,"[1.01, 1.17, 1.33, 1.49, 2.04, 5.22, 5.38, 9.13, 9.29]","[1.17, 1.33, 1.49, 1.905, 2.455, 5.38, 5.795, 9.29, 9.704999999999998]"
/mnt/data728/datasets/coughvit-test-sets/cough-detection/49393/mov_walk/background_noise_nothing/recording_11/outward_facing_mic.wav,[],[]
/mnt/data728/datasets/coughvit-test-sets/cough-detection/49393/mov_walk/background_noise_nothing/recording_2/outward_facing_mic.wav,"[0.19, 0.46, 0.62, 1.64, 3.33, 3.49, 5.08, 5.24, 5.45, 5.61]","[0.46, 0.62, 1.035, 2.0549999999999997, 3.49, 3.9050000000000002, 5.24, 5.45, 5.61, 6.025]"
/mnt/data728/datasets/coughvit-test-sets/cough-detection/49393/mov_walk/background_noise_nothing/recording_3/outward_facing_mic.wav,"[0.67, 1.09, 2.44, 3.61, 3.77]","[1.085, 1.5050000000000001, 2.855, 3.77, 4.185]"
/mnt/data728/datasets/coughvit-test-sets/cough-detection/49393/mov_walk/background_noise_nothing/recording_4/outward_facing_mic.wav,[],[]
/mnt/data728/datasets/coughvit-test-sets/cough-detection/49393/mov_walk/background_noise_nothing/recording_5/outward_facing_mic.wav,[],[]
/mnt/data728/datasets/coughvit-test-sets/cough-detection/49393/mov_walk/background_noise_nothing/recording_6/outward_facing_mic.wav,[],[]
/mnt/data728/datasets/coughvit-test-sets/cough-detection/49393/mov_walk/background_noise_nothing/recording_7/outward_facing_mic.wav,[],[]
/mnt/data728/datasets/coughvit-test-sets/cough-detection/49393/mov_walk/background_noise_nothing/recording_8/outward_facing_mic.wav,[],[]
/mnt/data728/datasets/coughvit-test-sets/cough-detection/49393/mov_walk/background_noise_nothing/recording_9/outward_facing_mic.wav,[],[]
/mnt/data728/datasets/coughvit-test-sets/cough-detection/49393/mov_walk/background_noise_someone_else_cough/recording_0/outward_facing_mic.wav,[],[]
/mnt/data728/datasets/coughvit-test-sets/cough-detection/49393/mov_walk/background_noise_someone_else_cough/recording_1/outward_facing_mic.wav,"[2.18, 2.42, 2.58, 5.77]","[2.42, 2.58, 2.995, 6.185]"
/mnt/data728/datasets/coughvit-test-sets/cough-detection/49393/mov_walk/background_noise_someone_else_cough/recording_10/outward_facing_mic.wav,"[0.43, 0.6, 0.76, 1.85]","[0.6, 0.76, 1.175, 2.265]"
/mnt/data728/datasets/coughvit-test-sets/cough-detection/49393/mov_walk/background_noise_someone_else_cough/recording_11/outward_facing_mic.wav,[],[]
/mnt/data728/datasets/coughvit-test-sets/cough-detection/49393/mov_walk/background_noise_someone_else_cough/recording_2/outward_facing_mic.wav,[],[]
/mnt/data728/datasets/coughvit-test-sets/cough-detection/49393/mov_walk/background_noise_someone_else_cough/recording_3/outward_facing_mic.wav,"[0.59, 1.97, 2.13, 3.95, 6.63, 6.79]","[1.005, 2.13, 2.545, 4.365, 6.79, 7.205]"
/mnt/data728/datasets/coughvit-test-sets/cough-detection/49393/mov_walk/background_noise_someone_else_cough/recording_4/outward_facing_mic.wav,[],[]
/mnt/data728/datasets/coughvit-test-sets/cough-detection/49393/mov_walk/background_noise_someone_else_cough/recording_5/outward_facing_mic.wav,[],[]
/mnt/data728/datasets/coughvit-test-sets/cough-detection/49393/mov_walk/background_noise_someone_else_cough/recording_6/outward_facing_mic.wav,[],[]
/mnt/data728/datasets/coughvit-test-sets/cough-detection/49393/mov_walk/background_noise_someone_else_cough/recording_7/outward_facing_mic.wav,[],[]
/mnt/data728/datasets/coughvit-test-sets/cough-detection/49393/mov_walk/background_noise_someone_else_cough/recording_8/outward_facing_mic.wav,[],[]
/mnt/data728/datasets/coughvit-test-sets/cough-detection/49393/mov_walk/background_noise_someone_else_cough/recording_9/outward_facing_mic.wav,[],[]
/mnt/data728/datasets/coughvit-test-sets/cough-detection/49393/mov_walk/background_noise_traffic/recording_0/outward_facing_mic.wav,[],[]
/mnt/data728/datasets/coughvit-test-sets/cough-detection/49393/mov_walk/background_noise_traffic/recording_1/outward_facing_mic.wav,[],[]
/mnt/data728/datasets/coughvit-test-sets/cough-detection/49393/mov_walk/background_noise_traffic/recording_10/outward_facing_mic.wav,[],[]
/mnt/data728/datasets/coughvit-test-sets/cough-detection/49393/mov_walk/background_noise_traffic/recording_11/outward_facing_mic.wav,[],[]
/mnt/data728/datasets/coughvit-test-sets/cough-detection/49393/mov_walk/background_noise_traffic/recording_2/outward_facing_mic.wav,[],[]
/mnt/data728/datasets/coughvit-test-sets/cough-detection/49393/mov_walk/background_noise_traffic/recording_3/outward_facing_mic.wav,"[1.03, 1.19, 2.41, 2.57, 3.57, 3.73]","[1.19, 1.605, 2.57, 2.985, 3.73, 4.145]"
/mnt/data728/datasets/coughvit-test-sets/cough-detection/49393/mov_walk/background_noise_traffic/recording_4/outward_facing_mic.wav,"[2.3, 2.48, 2.64]","[2.48, 2.64, 3.055]"
/mnt/data728/datasets/coughvit-test-sets/cough-detection/49393/mov_walk/background_noise_traffic/recording_5/outward_facing_mic.wav,[],[]
/mnt/data728/datasets/coughvit-test-sets/cough-detection/49393/mov_walk/background_noise_traffic/recording_6/outward_facing_mic.wav,"[0.94, 1.23, 2.18, 2.34, 3.51, 3.67, 7.76, 7.92, 9.89, 10.05]","[1.23, 1.645, 2.34, 2.755, 3.67, 4.085, 7.92, 8.334999999999999, 10.05, 10.465]"
/mnt/data728/datasets/coughvit-test-sets/cough-detection/49393/mov_walk/background_noise_traffic/recording_7/outward_facing_mic.wav,[],[]
/mnt/data728/datasets/coughvit-test-sets/cough-detection/49393/mov_walk/background_noise_traffic/recording_8/outward_facing_mic.wav,[],[]
/mnt/data728/datasets/coughvit-test-sets/cough-detection/49393/mov_walk/background_noise_traffic/recording_9/outward_facing_mic.wav,[],[]
/mnt/data728/datasets/coughvit-test-sets/cough-detection/74534/mov_sit/background_noise_music/recording_0/outward_facing_mic.wav,[],[]
/mnt/data728/datasets/coughvit-test-sets/cough-detection/74534/mov_sit/background_noise_music/recording_1/outward_facing_mic.wav,[],[]
/mnt/data728/datasets/coughvit-test-sets/cough-detection/74534/mov_sit/background_noise_music/recording_10/outward_facing_mic.wav,"[0.39, 0.55, 0.97, 1.13, 2.53, 2.94, 3.1, 3.26, 3.42, 3.58, 3.88, 4.04, 5.23, 5.39, 5.67, 5.83, 6.06, 6.22, 6.38, 7.97, 8.49, 8.65]","[0.55, 0.9650000000000001, 1.13, 1.545, 2.94, 3.1, 3.26, 3.42, 3.58, 3.88, 4.04, 4.455, 5.39, 5.67, 5.83, 6.06, 6.22, 6.38, 6.795, 8.385, 8.65, 9.065]"
/mnt/data728/datasets/coughvit-test-sets/cough-detection/74534/mov_sit/background_noise_music/recording_11/outward_facing_mic.wav,"[0.47, 0.94, 1.1, 3.06, 3.22, 3.62, 4.12, 4.28, 5.91, 6.07]","[0.885, 1.1, 1.5150000000000001, 3.22, 3.62, 4.035, 4.28, 4.695, 6.07, 6.485]"
/mnt/data728/datasets/coughvit-test-sets/cough-detection/74534/mov_sit/background_noise_music/recording_2/outward_facing_mic.wav,[],[]
/mnt/data728/datasets/coughvit-test-sets/cough-detection/74534/mov_sit/background_noise_music/recording_3/outward_facing_mic.wav,[],[]
/mnt/data728/datasets/coughvit-test-sets/cough-detection/74534/mov_sit/background_noise_music/recording_4/outward_facing_mic.wav,"[0.84, 1.0, 1.58, 1.74, 2.18, 2.34, 3.69, 3.85, 4.72, 5.61, 5.77, 6.85, 7.01]","[1.0, 1.415, 1.74, 2.155, 2.34, 2.755, 3.85, 4.265, 5.135, 5.77, 6.185, 7.01, 7.425]"
/mnt/data728/datasets/coughvit-test-sets/cough-detection/74534/mov_sit/background_noise_music/recording_5/outward_facing_mic.wav,[],[]
/mnt/data728/datasets/coughvit-test-sets/cough-detection/74534/mov_sit/background_noise_music/recording_6/outward_facing_mic.wav,[8.42],[8.834999999999999]
/mnt/data728/datasets/coughvit-test-sets/cough-detection/74534/mov_sit/background_noise_music/recording_7/outward_facing_mic.wav,[],[]
/mnt/data728/datasets/coughvit-test-sets/cough-detection/74534/mov_sit/background_noise_music/recording_8/outward_facing_mic.wav,[],[]
/mnt/data728/datasets/coughvit-test-sets/cough-detection/74534/mov_sit/background_noise_music/recording_9/outward_facing_mic.wav,[],[]
/mnt/data728/datasets/coughvit-test-sets/cough-detection/74534/mov_sit/background_noise_nothing/recording_0/outward_facing_mic.wav,[],[]
/mnt/data728/datasets/coughvit-test-sets/cough-detection/74534/mov_sit/background_noise_nothing/recording_1/outward_facing_mic.wav,[],[]
/mnt/data728/datasets/coughvit-test-sets/cough-detection/74534/mov_sit/background_noise_nothing/recording_10/outward_facing_mic.wav,[],[]
/mnt/data728/datasets/coughvit-test-sets/cough-detection/74534/mov_sit/background_noise_nothing/recording_11/outward_facing_mic.wav,"[4.58, 6.27, 6.43, 9.0]","[4.995, 6.43, 6.845, 9.415]"
/mnt/data728/datasets/coughvit-test-sets/cough-detection/74534/mov_sit/background_noise_nothing/recording_2/outward_facing_mic.wav,"[0.9, 1.06, 1.54, 1.7, 2.43, 2.59, 3.71, 4.27, 4.43, 5.62, 5.78, 7.34, 7.5, 8.46]","[1.06, 1.475, 1.7, 2.1149999999999998, 2.59, 3.005, 4.125, 4.43, 4.845, 5.78, 6.195, 7.5, 7.915, 8.875]"
/mnt/data728/datasets/coughvit-test-sets/cough-detection/74534/mov_sit/background_noise_nothing/recording_3/outward_facing_mic.wav,[],[]
/mnt/data728/datasets/coughvit-test-sets/cough-detection/74534/mov_sit/background_noise_nothing/recording_4/outward_facing_mic.wav,"[0.91, 1.44, 1.6, 2.83, 2.99, 3.31, 3.47, 4.92, 5.08, 5.5, 5.66, 5.94, 6.1, 7.21, 7.37, 7.87, 8.03, 9.31]","[1.325, 1.6, 2.015, 2.99, 3.31, 3.47, 3.8850000000000002, 5.08, 5.495, 5.66, 5.94, 6.1, 6.515, 7.37, 7.785, 8.03, 8.444999999999999, 9.725]"
/mnt/data728/datasets/coughvit-test-sets/cough-detection/74534/mov_sit/background_noise_nothing/recording_5/outward_facing_mic.wav,[],[]
/mnt/data728/datasets/coughvit-test-sets/cough-detection/74534/mov_sit/background_noise_nothing/recording_6/outward_facing_mic.wav,[],[]
/mnt/data728/datasets/coughvit-test-sets/cough-detection/74534/mov_sit/background_noise_nothing/recording_7/outward_facing_mic.wav,[5.86],[6.275]
/mnt/data728/datasets/coughvit-test-sets/cough-detection/74534/mov_sit/background_noise_nothing/recording_8/outward_facing_mic.wav,[],[]
/mnt/data728/datasets/coughvit-test-sets/cough-detection/74534/mov_sit/background_noise_nothing/recording_9/outward_facing_mic.wav,[],[]
/mnt/data728/datasets/coughvit-test-sets/cough-detection/74534/mov_sit/background_noise_someone_else_cough/recording_0/outward_facing_mic.wav,[4.37],[4.785]
/mnt/data728/datasets/coughvit-test-sets/cough-detection/74534/mov_sit/background_noise_someone_else_cough/recording_1/outward_facing_mic.wav,[0.56],[0.9750000000000001]
/mnt/data728/datasets/coughvit-test-sets/cough-detection/74534/mov_sit/background_noise_someone_else_cough/recording_10/outward_facing_mic.wav,[],[]
/mnt/data728/datasets/coughvit-test-sets/cough-detection/74534/mov_sit/background_noise_someone_else_cough/recording_11/outward_facing_mic.wav,[],[]
/mnt/data728/datasets/coughvit-test-sets/cough-detection/74534/mov_sit/background_noise_someone_else_cough/recording_2/outward_facing_mic.wav,"[1.02, 1.18, 1.51, 1.67, 2.08, 2.24, 3.34, 3.5, 5.8, 5.96, 6.12, 6.28, 6.44, 6.74, 6.9, 7.23, 7.39, 7.76, 7.92, 8.91]","[1.18, 1.51, 1.67, 2.08, 2.24, 2.6550000000000002, 3.5, 3.915, 5.96, 6.12, 6.28, 6.44, 6.74, 6.9, 7.23, 7.39, 7.76, 7.92, 8.334999999999999, 9.325]"
/mnt/data728/datasets/coughvit-test-sets/cough-detection/74534/mov_sit/background_noise_someone_else_cough/recording_3/outward_facing_mic.wav,[],[]
/mnt/data728/datasets/coughvit-test-sets/cough-detection/74534/mov_sit/background_noise_someone_else_cough/recording_4/outward_facing_mic.wav,"[1.44, 2.23, 2.39, 3.79, 3.95, 4.96, 5.12, 5.3, 5.46, 5.62, 5.8, 5.96, 7.28, 7.44, 8.23]","[1.855, 2.39, 2.805, 3.95, 4.365, 5.12, 5.3, 5.46, 5.62, 5.8, 5.96, 6.375, 7.44, 7.855, 8.645]"
/mnt/data728/datasets/coughvit-test-sets/cough-detection/74534/mov_sit/background_noise_someone_else_cough/recording_5/outward_facing_mic.wav,[3.64],[4.055]
/mnt/data728/datasets/coughvit-test-sets/cough-detection/74534/mov_sit/background_noise_someone_else_cough/recording_6/outward_facing_mic.wav,"[3.26, 7.04]","[3.675, 7.455]"
/mnt/data728/datasets/coughvit-test-sets/cough-detection/74534/mov_sit/background_noise_someone_else_cough/recording_7/outward_facing_mic.wav,[],[]
/mnt/data728/datasets/coughvit-test-sets/cough-detection/74534/mov_sit/background_noise_someone_else_cough/recording_8/outward_facing_mic.wav,"[1.25, 1.41, 2.06, 2.22, 2.74, 2.9, 3.9, 4.06, 4.97, 5.13, 6.6, 6.76, 7.79, 7.95, 8.29, 8.82, 9.0]","[1.41, 1.825, 2.22, 2.6350000000000002, 2.9, 3.315, 4.06, 4.475, 5.13, 5.545, 6.76, 7.175, 7.95, 8.29, 8.704999999999998, 9.0, 9.415]"
/mnt/data728/datasets/coughvit-test-sets/cough-detection/74534/mov_sit/background_noise_someone_else_cough/recording_9/outward_facing_mic.wav,[],[]
/mnt/data728/datasets/coughvit-test-sets/cough-detection/74534/mov_sit/background_noise_traffic/recording_0/outward_facing_mic.wav,[],[]
/mnt/data728/datasets/coughvit-test-sets/cough-detection/74534/mov_sit/background_noise_traffic/recording_1/outward_facing_mic.wav,[],[]
/mnt/data728/datasets/coughvit-test-sets/cough-detection/74534/mov_sit/background_noise_traffic/recording_10/outward_facing_mic.wav,"[0.63, 0.79, 1.38, 1.54, 2.74, 2.9, 3.35, 3.51, 4.3, 4.46, 5.81, 5.97]","[0.79, 1.205, 1.54, 1.955, 2.9, 3.315, 3.51, 3.925, 4.46, 4.875, 5.97, 6.385]"
/mnt/data728/datasets/coughvit-test-sets/cough-detection/74534/mov_sit/background_noise_traffic/recording_11/outward_facing_mic.wav,[],[]
/mnt/data728/datasets/coughvit-test-sets/cough-detection/74534/mov_sit/background_noise_traffic/recording_2/outward_facing_mic.wav,[],[]
/mnt/data728/datasets/coughvit-test-sets/cough-detection/74534/mov_sit/background_noise_traffic/recording_3/outward_facing_mic.wav,[],[]
/mnt/data728/datasets/coughvit-test-sets/cough-detection/74534/mov_sit/background_noise_traffic/recording_4/outward_facing_mic.wav,[],[]
/mnt/data728/datasets/coughvit-test-sets/cough-detection/74534/mov_sit/background_noise_traffic/recording_5/outward_facing_mic.wav,[],[]
/mnt/data728/datasets/coughvit-test-sets/cough-detection/74534/mov_sit/background_noise_traffic/recording_6/outward_facing_mic.wav,"[0.88, 1.04, 1.43, 1.59, 2.87, 3.03, 3.36, 3.52, 4.9, 5.06, 6.68, 6.84, 7.08, 7.24, 7.65, 7.81, 8.83]","[1.04, 1.43, 1.59, 2.005, 3.03, 3.36, 3.52, 3.935, 5.06, 5.475, 6.84, 7.08, 7.24, 7.65, 7.81, 8.225, 9.245]"
/mnt/data728/datasets/coughvit-test-sets/cough-detection/74534/mov_sit/background_noise_traffic/recording_7/outward_facing_mic.wav,[],[]
/mnt/data728/datasets/coughvit-test-sets/cough-detection/74534/mov_sit/background_noise_traffic/recording_8/outward_facing_mic.wav,"[0.95, 1.11, 1.29, 2.19, 3.57, 3.73, 4.64, 6.26, 6.42, 7.26, 7.42]","[1.11, 1.29, 1.705, 2.605, 3.73, 4.145, 5.055, 6.42, 6.835, 7.42, 7.835]"
/mnt/data728/datasets/coughvit-test-sets/cough-detection/74534/mov_sit/background_noise_traffic/recording_9/outward_facing_mic.wav,[],[]
/mnt/data728/datasets/coughvit-test-sets/cough-detection/74534/mov_walk/background_noise_music/recording_0/outward_facing_mic.wav,[7.64],[8.055]
/mnt/data728/datasets/coughvit-test-sets/cough-detection/74534/mov_walk/background_noise_music/recording_1/outward_facing_mic.wav,[],[]
/mnt/data728/datasets/coughvit-test-sets/cough-detection/74534/mov_walk/background_noise_music/recording_10/outward_facing_mic.wav,"[1.02, 1.18, 1.34, 1.5, 1.66, 3.72, 3.88, 4.38, 4.54, 6.35, 6.51, 6.94, 7.1, 8.14, 8.3, 8.72, 8.88, 9.43, 9.59, 10.76, 10.92, 11.35, 11.51]","[1.18, 1.34, 1.5, 1.66, 2.0749999999999997, 3.88, 4.295, 4.54, 4.955, 6.51, 6.925, 7.1, 7.515, 8.3, 8.715, 8.88, 9.295, 9.59, 10.004999999999999, 10.92, 11.334999999999999, 11.51, 11.924999999999999]"
/mnt/data728/datasets/coughvit-test-sets/cough-detection/74534/mov_walk/background_noise_music/recording_11/outward_facing_mic.wav,"[0.11, 0.27, 1.08, 1.24, 2.39, 2.55, 2.84, 3.0, 4.12, 4.28, 4.83, 5.88, 6.04, 6.51, 6.67, 7.68]","[0.27, 0.685, 1.24, 1.655, 2.55, 2.84, 3.0, 3.415, 4.28, 4.695, 5.245, 6.04, 6.455, 6.67, 7.085, 8.094999999999999]"
/mnt/data728/datasets/coughvit-test-sets/cough-detection/74534/mov_walk/background_noise_music/recording_2/outward_facing_mic.wav,[],[]
/mnt/data728/datasets/coughvit-test-sets/cough-detection/74534/mov_walk/background_noise_music/recording_3/outward_facing_mic.wav,[],[]
/mnt/data728/datasets/coughvit-test-sets/cough-detection/74534/mov_walk/background_noise_music/recording_4/outward_facing_mic.wav,[],[]
/mnt/data728/datasets/coughvit-test-sets/cough-detection/74534/mov_walk/background_noise_music/recording_5/outward_facing_mic.wav,[],[]
/mnt/data728/datasets/coughvit-test-sets/cough-detection/74534/mov_walk/background_noise_music/recording_6/outward_facing_mic.wav,"[5.38, 5.54]","[5.54, 5.955]"
/mnt/data728/datasets/coughvit-test-sets/cough-detection/74534/mov_walk/background_noise_music/recording_7/outward_facing_mic.wav,[7.87],[8.285]
/mnt/data728/datasets/coughvit-test-sets/cough-detection/74534/mov_walk/background_noise_music/recording_8/outward_facing_mic.wav,"[0.1, 0.26, 0.42, 0.59, 0.75, 2.36, 2.52, 3.07, 3.23, 3.74, 3.9, 5.06, 5.22, 5.54, 5.7, 5.98, 6.14, 6.52, 6.68, 7.96, 8.12, 8.52]","[0.26, 0.42, 0.59, 0.75, 1.165, 2.52, 2.935, 3.23, 3.645, 3.9, 4.3149999999999995, 5.22, 5.54, 5.7, 5.98, 6.14, 6.52, 6.68, 7.095, 8.12, 8.52, 8.934999999999999]"
/mnt/data728/datasets/coughvit-test-sets/cough-detection/74534/mov_walk/background_noise_music/recording_9/outward_facing_mic.wav,[],[]
/mnt/data728/datasets/coughvit-test-sets/cough-detection/74534/mov_walk/background_noise_nothing/recording_0/outward_facing_mic.wav,[],[]
/mnt/data728/datasets/coughvit-test-sets/cough-detection/74534/mov_walk/background_noise_nothing/recording_1/outward_facing_mic.wav,[],[]
/mnt/data728/datasets/coughvit-test-sets/cough-detection/74534/mov_walk/background_noise_nothing/recording_10/outward_facing_mic.wav,[],[]
/mnt/data728/datasets/coughvit-test-sets/cough-detection/74534/mov_walk/background_noise_nothing/recording_11/outward_facing_mic.wav,[],[]
/mnt/data728/datasets/coughvit-test-sets/cough-detection/74534/mov_walk/background_noise_nothing/recording_2/outward_facing_mic.wav,[1.39],[1.805]
/mnt/data728/datasets/coughvit-test-sets/cough-detection/74534/mov_walk/background_noise_nothing/recording_3/outward_facing_mic.wav,"[0.3, 0.46, 0.62, 0.78, 0.94, 2.32, 2.48, 2.81, 2.97, 4.51, 4.67, 5.07, 5.23, 6.81, 6.97, 7.26, 7.42]","[0.46, 0.62, 0.78, 0.94, 1.355, 2.48, 2.81, 2.97, 3.3850000000000002, 4.67, 5.07, 5.23, 5.6450000000000005, 6.97, 7.26, 7.42, 7.835]"
/mnt/data728/datasets/coughvit-test-sets/cough-detection/74534/mov_walk/background_noise_nothing/recording_4/outward_facing_mic.wav,[],[]
/mnt/data728/datasets/coughvit-test-sets/cough-detection/74534/mov_walk/background_noise_nothing/recording_5/outward_facing_mic.wav,[],[]
/mnt/data728/datasets/coughvit-test-sets/cough-detection/74534/mov_walk/background_noise_nothing/recording_6/outward_facing_mic.wav,"[0.23, 0.39, 0.82, 0.98, 2.01, 2.17, 2.45, 2.61, 2.97, 3.13, 3.54, 4.76, 5.3, 5.85, 6.74]","[0.39, 0.8049999999999999, 0.98, 1.395, 2.17, 2.45, 2.61, 2.97, 3.13, 3.54, 3.955, 5.175, 5.715, 6.265, 7.155]"
/mnt/data728/datasets/coughvit-test-sets/cough-detection/74534/mov_walk/background_noise_nothing/recording_7/outward_facing_mic.wav,[],[]
/mnt/data728/datasets/coughvit-test-sets/cough-detection/74534/mov_walk/background_noise_nothing/recording_8/outward_facing_mic.wav,[],[]
/mnt/data728/datasets/coughvit-test-sets/cough-detection/74534/mov_walk/background_noise_nothing/recording_9/outward_facing_mic.wav,"[0.84, 1.25, 1.41, 1.65, 1.81, 3.4, 3.78, 3.94, 5.17, 5.33, 5.74, 6.06, 6.22, 7.55, 7.71]","[1.25, 1.41, 1.65, 1.81, 2.225, 3.78, 3.94, 4.3549999999999995, 5.33, 5.74, 6.06, 6.22, 6.635, 7.71, 8.125]"
/mnt/data728/datasets/coughvit-test-sets/cough-detection/74534/mov_walk/background_noise_someone_else_cough/recording_0/outward_facing_mic.wav,[],[]
/mnt/data728/datasets/coughvit-test-sets/cough-detection/74534/mov_walk/background_noise_someone_else_cough/recording_1/outward_facing_mic.wav,"[0.51, 0.67, 1.53, 1.69, 1.98, 2.14, 3.64, 3.8, 4.46, 4.62, 5.01, 5.17, 6.12, 6.29, 6.73, 6.89, 8.08, 8.24, 8.63, 8.79, 9.08, 9.24, 10.16, 10.32, 10.87, 11.03]","[0.67, 1.085, 1.69, 1.98, 2.14, 2.555, 3.8, 4.215, 4.62, 5.01, 5.17, 5.585, 6.29, 6.705, 6.89, 7.305, 8.24, 8.63, 8.79, 9.08, 9.24, 9.655, 10.32, 10.735, 11.03, 11.444999999999999]"
/mnt/data728/datasets/coughvit-test-sets/cough-detection/74534/mov_walk/background_noise_someone_else_cough/recording_10/outward_facing_mic.wav,[],[]
/mnt/data728/datasets/coughvit-test-sets/cough-detection/74534/mov_walk/background_noise_someone_else_cough/recording_11/outward_facing_mic.wav,[],[]
/mnt/data728/datasets/coughvit-test-sets/cough-detection/74534/mov_walk/background_noise_someone_else_cough/recording_2/outward_facing_mic.wav,[1.34],[1.7550000000000001]
/mnt/data728/datasets/coughvit-test-sets/cough-detection/74534/mov_walk/background_noise_someone_else_cough/recording_3/outward_facing_mic.wav,"[0.77, 0.93, 1.43, 2.8, 2.96, 3.2, 3.36, 3.72, 3.88, 5.66, 5.82, 6.4, 6.58, 8.02]","[0.93, 1.345, 1.845, 2.96, 3.2, 3.36, 3.72, 3.88, 4.295, 5.82, 6.235, 6.58, 6.995, 8.434999999999999]"
/mnt/data728/datasets/coughvit-test-sets/cough-detection/74534/mov_walk/background_noise_someone_else_cough/recording_4/outward_facing_mic.wav,[2.17],[2.585]
/mnt/data728/datasets/coughvit-test-sets/cough-detection/74534/mov_walk/background_noise_someone_else_cough/recording_5/outward_facing_mic.wav,[],[]
/mnt/data728/datasets/coughvit-test-sets/cough-detection/74534/mov_walk/background_noise_someone_else_cough/recording_6/outward_facing_mic.wav,[0.37],[0.7849999999999999]
/mnt/data728/datasets/coughvit-test-sets/cough-detection/74534/mov_walk/background_noise_someone_else_cough/recording_7/outward_facing_mic.wav,[],[]
/mnt/data728/datasets/coughvit-test-sets/cough-detection/74534/mov_walk/background_noise_someone_else_cough/recording_8/outward_facing_mic.wav,"[1.65, 1.81, 3.23, 3.39, 3.59, 3.75, 3.91, 4.1, 4.26, 4.56, 4.72, 6.01, 6.17, 7.78, 7.94, 8.1, 8.26, 8.42, 8.58]","[1.81, 2.225, 3.39, 3.59, 3.75, 3.91, 4.1, 4.26, 4.56, 4.72, 5.135, 6.17, 6.585, 7.94, 8.1, 8.26, 8.42, 8.58, 8.995]"
/mnt/data728/datasets/coughvit-test-sets/cough-detection/74534/mov_walk/background_noise_someone_else_cough/recording_9/outward_facing_mic.wav,"[3.83, 3.99]","[3.99, 4.405]"
/mnt/data728/datasets/coughvit-test-sets/cough-detection/74534/mov_walk/background_noise_traffic/recording_0/outward_facing_mic.wav,[],[]
/mnt/data728/datasets/coughvit-test-sets/cough-detection/74534/mov_walk/background_noise_traffic/recording_1/outward_facing_mic.wav,[],[]
/mnt/data728/datasets/coughvit-test-sets/cough-detection/74534/mov_walk/background_noise_traffic/recording_10/outward_facing_mic.wav,"[0.39, 0.55, 0.99, 1.15, 2.68, 2.84, 3.0, 3.21, 3.37, 3.57, 3.73, 3.89, 5.2, 5.36, 5.52, 5.69, 5.85, 7.55, 7.71, 8.11, 8.27, 8.53, 8.69, 9.71, 9.87]","[0.55, 0.9650000000000001, 1.15, 1.565, 2.84, 3.0, 3.21, 3.37, 3.57, 3.73, 3.89, 4.305, 5.36, 5.52, 5.69, 5.85, 6.265, 7.71, 8.11, 8.27, 8.53, 8.69, 9.104999999999999, 9.87, 10.284999999999998]"
/mnt/data728/datasets/coughvit-test-sets/cough-detection/74534/mov_walk/background_noise_traffic/recording_11/outward_facing_mic.wav,[],[]
/mnt/data728/datasets/coughvit-test-sets/cough-detection/74534/mov_walk/background_noise_traffic/recording_2/outward_facing_mic.wav,[],[]
/mnt/data728/datasets/coughvit-test-sets/cough-detection/74534/mov_walk/background_noise_traffic/recording_3/outward_facing_mic.wav,[],[]
/mnt/data728/datasets/coughvit-test-sets/cough-detection/74534/mov_walk/background_noise_traffic/recording_4/outward_facing_mic.wav,"[1.58, 2.94]","[1.995, 3.355]"
/mnt/data728/datasets/coughvit-test-sets/cough-detection/74534/mov_walk/background_noise_traffic/recording_5/outward_facing_mic.wav,"[1.34, 1.5, 1.99, 2.15, 2.61, 2.77, 4.11, 4.39, 4.55, 5.88, 6.04, 6.2, 6.36, 6.52, 6.92, 7.08, 8.52, 8.68, 9.52, 9.68, 10.26]","[1.5, 1.915, 2.15, 2.565, 2.77, 3.185, 4.39, 4.55, 4.965, 6.04, 6.2, 6.36, 6.52, 6.92, 7.08, 7.495, 8.68, 9.094999999999999, 9.68, 10.094999999999999, 10.674999999999999]"
/mnt/data728/datasets/coughvit-test-sets/cough-detection/74534/mov_walk/background_noise_traffic/recording_6/outward_facing_mic.wav,[],[]
/mnt/data728/datasets/coughvit-test-sets/cough-detection/74534/mov_walk/background_noise_traffic/recording_7/outward_facing_mic.wav,"[0.99, 1.15, 1.39, 1.55, 1.71, 3.1, 3.26, 3.51, 3.67, 3.83, 4.21, 5.75, 5.91, 6.25, 6.41, 6.79, 6.95]","[1.15, 1.39, 1.55, 1.71, 2.125, 3.26, 3.51, 3.67, 3.83, 4.21, 4.625, 5.91, 6.25, 6.41, 6.79, 6.95, 7.365]"
/mnt/data728/datasets/coughvit-test-sets/cough-detection/74534/mov_walk/background_noise_traffic/recording_8/outward_facing_mic.wav,[],[]
/mnt/data728/datasets/coughvit-test-sets/cough-detection/74534/mov_walk/background_noise_traffic/recording_9/outward_facing_mic.wav,[],[]
/mnt/data728/datasets/coughvit-test-sets/cough-detection/84482/mov_sit/background_noise_music/recording_0/outward_facing_mic.wav,"[6.71, 6.87, 7.15, 7.31]","[6.87, 7.15, 7.31, 7.725]"
/mnt/data728/datasets/coughvit-test-sets/cough-detection/84482/mov_sit/background_noise_music/recording_1/outward_facing_mic.wav,"[0.49, 0.65, 1.04, 1.2, 2.21, 2.37, 2.61, 2.77, 3.92, 4.08, 4.24, 4.4, 4.62, 4.78, 5.42, 5.58, 6.82, 6.98, 7.2, 7.36]","[0.65, 1.04, 1.2, 1.615, 2.37, 2.61, 2.77, 3.185, 4.08, 4.24, 4.4, 4.62, 4.78, 5.195, 5.58, 5.995, 6.98, 7.2, 7.36, 7.775]"
/mnt/data728/datasets/coughvit-test-sets/cough-detection/84482/mov_sit/background_noise_music/recording_10/outward_facing_mic.wav,[],[]
/mnt/data728/datasets/coughvit-test-sets/cough-detection/84482/mov_sit/background_noise_music/recording_11/outward_facing_mic.wav,[8.67],[9.084999999999999]
/mnt/data728/datasets/coughvit-test-sets/cough-detection/84482/mov_sit/background_noise_music/recording_2/outward_facing_mic.wav,[],[]
/mnt/data728/datasets/coughvit-test-sets/cough-detection/84482/mov_sit/background_noise_music/recording_3/outward_facing_mic.wav,[],[]
/mnt/data728/datasets/coughvit-test-sets/cough-detection/84482/mov_sit/background_noise_music/recording_4/outward_facing_mic.wav,"[0.54, 0.7, 1.83, 1.99, 2.18, 2.34, 3.32, 3.48, 4.79, 4.95, 5.16, 5.32, 6.31, 6.47, 7.08, 7.24, 9.38, 9.54, 9.7, 9.86, 10.67, 10.83]","[0.7, 1.115, 1.99, 2.18, 2.34, 2.755, 3.48, 3.895, 4.95, 5.16, 5.32, 5.735, 6.47, 6.885, 7.24, 7.655, 9.54, 9.7, 9.86, 10.274999999999999, 10.83, 11.245]"
/mnt/data728/datasets/coughvit-test-sets/cough-detection/84482/mov_sit/background_noise_music/recording_5/outward_facing_mic.wav,[],[]
/mnt/data728/datasets/coughvit-test-sets/cough-detection/84482/mov_sit/background_noise_music/recording_6/outward_facing_mic.wav,"[11.65, 11.81]","[11.81, 12.225]"
/mnt/data728/datasets/coughvit-test-sets/cough-detection/84482/mov_sit/background_noise_music/recording_7/outward_facing_mic.wav,"[1.16, 1.33, 2.49, 2.65, 2.81, 2.97, 3.86, 4.02, 5.35, 5.51, 5.67, 5.84, 6.11, 6.44, 6.6, 8.08, 8.24, 8.94, 9.1]","[1.33, 1.745, 2.65, 2.81, 2.97, 3.3850000000000002, 4.02, 4.435, 5.51, 5.67, 5.84, 6.11, 6.44, 6.6, 7.015, 8.24, 8.655, 9.1, 9.514999999999999]"
/mnt/data728/datasets/coughvit-test-sets/cough-detection/84482/mov_sit/background_noise_music/recording_8/outward_facing_mic.wav,"[4.96, 7.25]","[5.375, 7.665]"
/mnt/data728/datasets/coughvit-test-sets/cough-detection/84482/mov_sit/background_noise_music/recording_9/outward_facing_mic.wav,[],[]
/mnt/data728/datasets/coughvit-test-sets/cough-detection/84482/mov_sit/background_noise_nothing/recording_0/outward_facing_mic.wav,"[0.43, 0.59, 0.77, 0.93, 1.95, 2.11, 2.92, 3.08, 4.54, 4.7, 4.86, 5.02, 6.61, 6.77, 7.55, 7.71, 8.81, 8.97, 9.26, 9.42]","[0.59, 0.77, 0.93, 1.345, 2.11, 2.525, 3.08, 3.495, 4.7, 4.86, 5.02, 5.435, 6.77, 7.185, 7.71, 8.125, 8.97, 9.26, 9.42, 9.834999999999999]"
/mnt/data728/datasets/coughvit-test-sets/cough-detection/84482/mov_sit/background_noise_nothing/recording_1/outward_facing_mic.wav,[],[]
/mnt/data728/datasets/coughvit-test-sets/cough-detection/84482/mov_sit/background_noise_nothing/recording_10/outward_facing_mic.wav,[],[]
/mnt/data728/datasets/coughvit-test-sets/cough-detection/84482/mov_sit/background_noise_nothing/recording_11/outward_facing_mic.wav,[],[]
/mnt/data728/datasets/coughvit-test-sets/cough-detection/84482/mov_sit/background_noise_nothing/recording_2/outward_facing_mic.wav,"[0.47, 0.63, 1.4, 1.56, 1.72, 1.88, 2.62, 2.78, 3.62, 3.78, 3.96, 4.12, 4.82, 4.98, 5.14, 5.3, 6.28, 6.44, 7.57, 7.73, 8.87, 9.03, 9.19]","[0.63, 1.045, 1.56, 1.72, 1.88, 2.295, 2.78, 3.195, 3.78, 3.96, 4.12, 4.535, 4.98, 5.14, 5.3, 5.715, 6.44, 6.855, 7.73, 8.145, 9.03, 9.19, 9.604999999999999]"
/mnt/data728/datasets/coughvit-test-sets/cough-detection/84482/mov_sit/background_noise_nothing/recording_3/outward_facing_mic.wav,[],[]
/mnt/data728/datasets/coughvit-test-sets/cough-detection/84482/mov_sit/background_noise_nothing/recording_4/outward_facing_mic.wav,[],[]
/mnt/data728/datasets/coughvit-test-sets/cough-detection/84482/mov_sit/background_noise_nothing/recording_5/outward_facing_mic.wav,[],[]
/mnt/data728/datasets/coughvit-test-sets/cough-detection/84482/mov_sit/background_noise_nothing/recording_6/outward_facing_mic.wav,[],[]
/mnt/data728/datasets/coughvit-test-sets/cough-detection/84482/mov_sit/background_noise_nothing/recording_7/outward_facing_mic.wav,[],[]
/mnt/data728/datasets/coughvit-test-sets/cough-detection/84482/mov_sit/background_noise_nothing/recording_8/outward_facing_mic.wav,[6.24],[6.655]
/mnt/data728/datasets/coughvit-test-sets/cough-detection/84482/mov_sit/background_noise_nothing/recording_9/outward_facing_mic.wav,"[0.0, 0.16, 1.13, 1.29, 1.45, 1.61, 2.3, 2.46, 3.81, 3.97, 4.13, 4.29, 4.45, 4.61, 5.71, 5.87, 7.39, 7.55, 7.95, 8.11]","[0.16, 0.575, 1.29, 1.45, 1.61, 2.025, 2.46, 2.875, 3.97, 4.13, 4.29, 4.45, 4.61, 5.025, 5.87, 6.285, 7.55, 7.95, 8.11, 8.524999999999999]"
/mnt/data728/datasets/coughvit-test-sets/cough-detection/84482/mov_sit/background_noise_someone_else_cough/recording_0/outward_facing_mic.wav,"[7.6, 7.76, 7.92]","[7.76, 7.92, 8.334999999999999]"
/mnt/data728/datasets/coughvit-test-sets/cough-detection/84482/mov_sit/background_noise_someone_else_cough/recording_1/outward_facing_mic.wav,[],[]
/mnt/data728/datasets/coughvit-test-sets/cough-detection/84482/mov_sit/background_noise_someone_else_cough/recording_10/outward_facing_mic.wav,[],[]
/mnt/data728/datasets/coughvit-test-sets/cough-detection/84482/mov_sit/background_noise_someone_else_cough/recording_11/outward_facing_mic.wav,[5.45],[5.865]
/mnt/data728/datasets/coughvit-test-sets/cough-detection/84482/mov_sit/background_noise_someone_else_cough/recording_2/outward_facing_mic.wav,[],[]
/mnt/data728/datasets/coughvit-test-sets/cough-detection/84482/mov_sit/background_noise_someone_else_cough/recording_3/outward_facing_mic.wav,[],[]
/mnt/data728/datasets/coughvit-test-sets/cough-detection/84482/mov_sit/background_noise_someone_else_cough/recording_4/outward_facing_mic.wav,[],[]
/mnt/data728/datasets/coughvit-test-sets/cough-detection/84482/mov_sit/background_noise_someone_else_cough/recording_5/outward_facing_mic.wav,"[0.49, 0.67, 1.51, 1.67, 1.87, 2.03, 3.01, 3.17, 3.34, 3.5, 4.72, 4.88, 6.02, 6.18, 6.34, 6.5, 7.23, 7.39, 8.29, 8.45]","[0.67, 1.085, 1.67, 1.87, 2.03, 2.445, 3.17, 3.34, 3.5, 3.915, 4.88, 5.295, 6.18, 6.34, 6.5, 6.915, 7.39, 7.805, 8.45, 8.864999999999998]"
/mnt/data728/datasets/coughvit-test-sets/cough-detection/84482/mov_sit/background_noise_someone_else_cough/recording_6/outward_facing_mic.wav,"[0.86, 1.02, 1.29, 1.45, 2.83, 2.99, 4.51, 4.67, 4.97, 5.13, 6.2, 6.36, 6.72, 6.88, 8.56, 8.72, 9.23, 9.39, 10.25, 10.41]","[1.02, 1.29, 1.45, 1.865, 2.99, 3.4050000000000002, 4.67, 4.97, 5.13, 5.545, 6.36, 6.72, 6.88, 7.295, 8.72, 9.135, 9.39, 9.805, 10.41, 10.825]"
/mnt/data728/datasets/coughvit-test-sets/cough-detection/84482/mov_sit/background_noise_someone_else_cough/recording_7/outward_facing_mic.wav,[],[]
/mnt/data728/datasets/coughvit-test-sets/cough-detection/84482/mov_sit/background_noise_someone_else_cough/recording_8/outward_facing_mic.wav,[],[]
/mnt/data728/datasets/coughvit-test-sets/cough-detection/84482/mov_sit/background_noise_someone_else_cough/recording_9/outward_facing_mic.wav,"[0.18, 0.34, 0.5, 0.66, 2.09, 2.25, 2.41, 2.57, 2.73, 2.89, 3.91, 4.07, 5.06, 5.22, 5.38, 5.54, 6.08, 6.24]","[0.34, 0.5, 0.66, 1.075, 2.25, 2.41, 2.57, 2.73, 2.89, 3.305, 4.07, 4.485, 5.22, 5.38, 5.54, 5.955, 6.24, 6.655]"
/mnt/data728/datasets/coughvit-test-sets/cough-detection/84482/mov_sit/background_noise_traffic/recording_0/outward_facing_mic.wav,"[0.88, 1.04, 2.03, 2.19, 2.35, 2.54, 2.81, 3.83, 3.99, 4.23, 4.39, 4.93, 5.09, 6.12, 6.28, 7.36, 7.52, 7.69, 7.85, 9.11, 9.27]","[1.04, 1.455, 2.19, 2.35, 2.54, 2.81, 3.225, 3.99, 4.23, 4.39, 4.805, 5.09, 5.505, 6.28, 6.695, 7.52, 7.69, 7.85, 8.264999999999999, 9.27, 9.684999999999999]"
/mnt/data728/datasets/coughvit-test-sets/cough-detection/84482/mov_sit/background_noise_traffic/recording_1/outward_facing_mic.wav,[],[]
/mnt/data728/datasets/coughvit-test-sets/cough-detection/84482/mov_sit/background_noise_traffic/recording_10/outward_facing_mic.wav,[],[]
/mnt/data728/datasets/coughvit-test-sets/cough-detection/84482/mov_sit/background_noise_traffic/recording_11/outward_facing_mic.wav,"[0.83, 2.02, 2.18, 2.46, 3.4, 3.56, 4.7, 4.86, 5.02, 5.18, 5.98, 6.14, 6.33, 6.49, 6.68, 6.84, 7.83, 7.99, 9.11, 9.27, 9.43, 9.59, 9.86, 10.02]","[1.2449999999999999, 2.18, 2.46, 2.875, 3.56, 3.975, 4.86, 5.02, 5.18, 5.595, 6.14, 6.33, 6.49, 6.68, 6.84, 7.255, 7.99, 8.405, 9.27, 9.43, 9.59, 9.86, 10.02, 10.434999999999999]"
/mnt/data728/datasets/coughvit-test-sets/cough-detection/84482/mov_sit/background_noise_traffic/recording_2/outward_facing_mic.wav,[],[]
/mnt/data728/datasets/coughvit-test-sets/cough-detection/84482/mov_sit/background_noise_traffic/recording_3/outward_facing_mic.wav,[],[]
/mnt/data728/datasets/coughvit-test-sets/cough-detection/84482/mov_sit/background_noise_traffic/recording_4/outward_facing_mic.wav,"[5.65, 5.81]","[5.81, 6.225]"
/mnt/data728/datasets/coughvit-test-sets/cough-detection/84482/mov_sit/background_noise_traffic/recording_5/outward_facing_mic.wav,"[0.46, 0.62, 0.78, 0.94, 1.89, 2.05, 3.19, 3.35, 3.51, 3.67, 5.04, 5.2, 5.36, 5.52, 6.13, 6.29, 7.46, 7.62, 7.8, 7.96]","[0.62, 0.78, 0.94, 1.355, 2.05, 2.465, 3.35, 3.51, 3.67, 4.085, 5.2, 5.36, 5.52, 5.935, 6.29, 6.705, 7.62, 7.8, 7.96, 8.375]"
/mnt/data728/datasets/coughvit-test-sets/cough-detection/84482/mov_sit/background_noise_traffic/recording_6/outward_facing_mic.wav,"[4.45, 4.65, 4.81, 5.75, 6.05, 6.21]","[4.65, 4.81, 5.225, 6.05, 6.21, 6.625]"
/mnt/data728/datasets/coughvit-test-sets/cough-detection/84482/mov_sit/background_noise_traffic/recording_7/outward_facing_mic.wav,[],[]
/mnt/data728/datasets/coughvit-test-sets/cough-detection/84482/mov_sit/background_noise_traffic/recording_8/outward_facing_mic.wav,[9.69],[10.104999999999999]
/mnt/data728/datasets/coughvit-test-sets/cough-detection/84482/mov_sit/background_noise_traffic/recording_9/outward_facing_mic.wav,[],[]
/mnt/data728/datasets/coughvit-test-sets/cough-detection/84482/mov_walk/background_noise_music/recording_0/outward_facing_mic.wav,"[0.08, 0.24, 1.29, 1.45, 2.1, 2.26, 3.62, 3.78, 3.99, 4.15, 5.31, 5.47, 6.85, 7.01, 7.24, 7.4, 8.3, 8.46, 9.05, 9.21, 9.7, 9.86]","[0.24, 0.655, 1.45, 1.865, 2.26, 2.675, 3.78, 3.99, 4.15, 4.565, 5.47, 5.885, 7.01, 7.24, 7.4, 7.815, 8.46, 8.875, 9.21, 9.625, 9.86, 10.274999999999999]"
/mnt/data728/datasets/coughvit-test-sets/cough-detection/84482/mov_walk/background_noise_music/recording_1/outward_facing_mic.wav,"[6.88, 7.04, 9.29]","[7.04, 7.455, 9.704999999999998]"
/mnt/data728/datasets/coughvit-test-sets/cough-detection/84482/mov_walk/background_noise_music/recording_10/outward_facing_mic.wav,"[1.88, 7.52, 7.72]","[2.295, 7.72, 8.135]"
/mnt/data728/datasets/coughvit-test-sets/cough-detection/84482/mov_walk/background_noise_music/recording_11/outward_facing_mic.wav,"[0.99, 1.15, 4.78, 4.94, 5.93, 6.09, 10.36, 10.53]","[1.15, 1.565, 4.94, 5.355, 6.09, 6.505, 10.53, 10.944999999999999]"
/mnt/data728/datasets/coughvit-test-sets/cough-detection/84482/mov_walk/background_noise_music/recording_2/outward_facing_mic.wav,[],[]
/mnt/data728/datasets/coughvit-test-sets/cough-detection/84482/mov_walk/background_noise_music/recording_3/outward_facing_mic.wav,[],[]
/mnt/data728/datasets/coughvit-test-sets/cough-detection/84482/mov_walk/background_noise_music/recording_4/outward_facing_mic.wav,"[3.46, 3.64, 3.8]","[3.64, 3.8, 4.215]"
/mnt/data728/datasets/coughvit-test-sets/cough-detection/84482/mov_walk/background_noise_music/recording_5/outward_facing_mic.wav,[],[]
/mnt/data728/datasets/coughvit-test-sets/cough-detection/84482/mov_walk/background_noise_music/recording_6/outward_facing_mic.wav,"[0.02, 0.18, 0.4, 0.56, 1.98, 2.14, 2.3, 2.46, 2.62, 2.78, 3.22, 3.38, 4.56, 4.72, 5.81, 5.97, 6.37, 6.53, 7.24, 7.4, 7.77, 7.93, 8.82, 8.98, 9.92, 10.08, 11.13, 11.29, 11.78]","[0.18, 0.4, 0.56, 0.9750000000000001, 2.14, 2.3, 2.46, 2.62, 2.78, 3.195, 3.38, 3.795, 4.72, 5.135, 5.97, 6.37, 6.53, 6.945, 7.4, 7.77, 7.93, 8.344999999999999, 8.98, 9.395, 10.08, 10.495, 11.29, 11.704999999999998, 12.194999999999999]"
/mnt/data728/datasets/coughvit-test-sets/cough-detection/84482/mov_walk/background_noise_music/recording_7/outward_facing_mic.wav,[],[]
/mnt/data728/datasets/coughvit-test-sets/cough-detection/84482/mov_walk/background_noise_music/recording_8/outward_facing_mic.wav,"[0.57, 0.73, 1.9, 2.07, 2.23, 2.39, 2.98, 3.14, 4.52, 4.68, 4.98, 5.14, 6.53, 6.69, 6.98, 7.14, 8.24, 8.4, 9.24, 9.4, 10.5, 10.66]","[0.73, 1.145, 2.07, 2.23, 2.39, 2.805, 3.14, 3.555, 4.68, 4.98, 5.14, 5.555, 6.69, 6.98, 7.14, 7.555, 8.4, 8.815, 9.4, 9.815, 10.66, 11.075]"
/mnt/data728/datasets/coughvit-test-sets/cough-detection/84482/mov_walk/background_noise_music/recording_9/outward_facing_mic.wav,[],[]
/mnt/data728/datasets/coughvit-test-sets/cough-detection/84482/mov_walk/background_noise_nothing/recording_0/outward_facing_mic.wav,[],[]
/mnt/data728/datasets/coughvit-test-sets/cough-detection/84482/mov_walk/background_noise_nothing/recording_1/outward_facing_mic.wav,[],[]
/mnt/data728/datasets/coughvit-test-sets/cough-detection/84482/mov_walk/background_noise_nothing/recording_10/outward_facing_mic.wav,[],[]
/mnt/data728/datasets/coughvit-test-sets/cough-detection/84482/mov_walk/background_noise_nothing/recording_11/outward_facing_mic.wav,[],[]
/mnt/data728/datasets/coughvit-test-sets/cough-detection/84482/mov_walk/background_noise_nothing/recording_2/outward_facing_mic.wav,"[0.3, 0.46, 1.67, 1.83, 1.99, 2.15, 2.96, 3.12, 4.47, 4.63, 5.03, 5.19, 6.38, 6.54, 6.73, 6.89, 7.87, 8.03]","[0.46, 0.875, 1.83, 1.99, 2.15, 2.565, 3.12, 3.535, 4.63, 5.03, 5.19, 5.605, 6.54, 6.73, 6.89, 7.305, 8.03, 8.444999999999999]"
/mnt/data728/datasets/coughvit-test-sets/cough-detection/84482/mov_walk/background_noise_nothing/recording_3/outward_facing_mic.wav,[],[]
/mnt/data728/datasets/coughvit-test-sets/cough-detection/84482/mov_walk/background_noise_nothing/recording_4/outward_facing_mic.wav,[6.1],[6.515]
/mnt/data728/datasets/coughvit-test-sets/cough-detection/84482/mov_walk/background_noise_nothing/recording_5/outward_facing_mic.wav,"[0.17, 0.33, 1.29, 1.45, 1.78, 1.94, 2.81, 2.97, 4.25, 4.41, 4.57, 4.73, 5.76, 5.92, 7.12, 7.28, 8.69, 8.85]","[0.33, 0.745, 1.45, 1.78, 1.94, 2.355, 2.97, 3.3850000000000002, 4.41, 4.57, 4.73, 5.1450000000000005, 5.92, 6.335, 7.28, 7.695, 8.85, 9.264999999999999]"
/mnt/data728/datasets/coughvit-test-sets/cough-detection/84482/mov_walk/background_noise_nothing/recording_6/outward_facing_mic.wav,"[5.53, 6.71, 9.14]","[5.945, 7.125, 9.555]"
/mnt/data728/datasets/coughvit-test-sets/cough-detection/84482/mov_walk/background_noise_nothing/recording_7/outward_facing_mic.wav,"[0.09, 0.25, 1.22, 1.38, 1.54, 1.7, 2.53, 2.69, 3.53, 3.69, 3.96, 4.12, 5.22, 5.38, 6.55, 6.71, 6.87, 7.03, 7.63, 7.79]","[0.25, 0.665, 1.38, 1.54, 1.7, 2.1149999999999998, 2.69, 3.105, 3.69, 3.96, 4.12, 4.535, 5.38, 5.795, 6.71, 6.87, 7.03, 7.445, 7.79, 8.205]"
/mnt/data728/datasets/coughvit-test-sets/cough-detection/84482/mov_walk/background_noise_nothing/recording_8/outward_facing_mic.wav,[],[]
/mnt/data728/datasets/coughvit-test-sets/cough-detection/84482/mov_walk/background_noise_nothing/recording_9/outward_facing_mic.wav,"[6.88, 7.04, 7.71, 7.89]","[7.04, 7.455, 7.89, 8.305]"
/mnt/data728/datasets/coughvit-test-sets/cough-detection/84482/mov_walk/background_noise_someone_else_cough/recording_0/outward_facing_mic.wav,[],[]
/mnt/data728/datasets/coughvit-test-sets/cough-detection/84482/mov_walk/background_noise_someone_else_cough/recording_1/outward_facing_mic.wav,"[1.0, 1.16, 2.05, 2.21, 2.38, 2.54, 3.55, 3.71, 4.67, 4.83, 6.27, 6.43, 6.59, 6.75, 7.75, 7.91, 8.81, 8.97, 9.22, 9.38]","[1.16, 1.575, 2.21, 2.38, 2.54, 2.955, 3.71, 4.125, 4.83, 5.245, 6.43, 6.59, 6.75, 7.165, 7.91, 8.325, 8.97, 9.22, 9.38, 9.795]"
/mnt/data728/datasets/coughvit-test-sets/cough-detection/84482/mov_walk/background_noise_someone_else_cough/recording_10/outward_facing_mic.wav,[],[]
/mnt/data728/datasets/coughvit-test-sets/cough-detection/84482/mov_walk/background_noise_someone_else_cough/recording_11/outward_facing_mic.wav,[],[]
/mnt/data728/datasets/coughvit-test-sets/cough-detection/84482/mov_walk/background_noise_someone_else_cough/recording_2/outward_facing_mic.wav,[],[]
/mnt/data728/datasets/coughvit-test-sets/cough-detection/84482/mov_walk/background_noise_someone_else_cough/recording_3/outward_facing_mic.wav,[],[]
/mnt/data728/datasets/coughvit-test-sets/cough-detection/84482/mov_walk/background_noise_someone_else_cough/recording_4/outward_facing_mic.wav,"[0.84, 1.0, 2.15, 2.35, 2.51, 3.4, 3.56, 4.49, 4.65, 5.69, 5.85, 6.22, 6.38, 7.48, 7.64, 8.2, 8.36, 9.08]","[1.0, 1.415, 2.35, 2.51, 2.925, 3.56, 3.975, 4.65, 5.065, 5.85, 6.22, 6.38, 6.795, 7.64, 8.055, 8.36, 8.774999999999999, 9.495]"
/mnt/data728/datasets/coughvit-test-sets/cough-detection/84482/mov_walk/background_noise_someone_else_cough/recording_5/outward_facing_mic.wav,"[3.76, 4.43, 4.59, 8.8, 9.24, 9.4]","[4.175, 4.59, 5.005, 9.215, 9.4, 9.815]"
/mnt/data728/datasets/coughvit-test-sets/cough-detection/84482/mov_walk/background_noise_someone_else_cough/recording_6/outward_facing_mic.wav,"[0.19, 0.35, 1.24, 1.4, 1.6, 1.76, 3.1, 3.26, 3.42, 3.58, 4.3, 4.46, 5.57, 5.73, 5.89, 6.05, 6.41, 6.57, 7.55, 7.71, 7.87, 8.03, 8.19, 8.35, 8.8, 8.96, 9.7, 9.86]","[0.35, 0.7649999999999999, 1.4, 1.6, 1.76, 2.175, 3.26, 3.42, 3.58, 3.995, 4.46, 4.875, 5.73, 5.89, 6.05, 6.41, 6.57, 6.985, 7.71, 7.87, 8.03, 8.19, 8.35, 8.764999999999999, 8.96, 9.375, 9.86, 10.274999999999999]"
/mnt/data728/datasets/coughvit-test-sets/cough-detection/84482/mov_walk/background_noise_someone_else_cough/recording_7/outward_facing_mic.wav,[3.71],[4.125]
/mnt/data728/datasets/coughvit-test-sets/cough-detection/84482/mov_walk/background_noise_someone_else_cough/recording_8/outward_facing_mic.wav,"[5.0, 5.16, 9.0]","[5.16, 5.575, 9.415]"
/mnt/data728/datasets/coughvit-test-sets/cough-detection/84482/mov_walk/background_noise_someone_else_cough/recording_9/outward_facing_mic.wav,[],[]
/mnt/data728/datasets/coughvit-test-sets/cough-detection/84482/mov_walk/background_noise_traffic/recording_0/outward_facing_mic.wav,"[0.49, 0.65, 2.0, 2.16, 2.32, 2.48, 3.2, 3.36, 4.81, 4.97, 5.18, 5.34, 6.59, 6.75, 7.01, 7.17, 8.31, 8.47, 8.89, 9.05, 10.33, 10.49, 10.7, 10.86, 11.4, 11.56]","[0.65, 1.065, 2.16, 2.32, 2.48, 2.895, 3.36, 3.775, 4.97, 5.18, 5.34, 5.755, 6.75, 7.01, 7.17, 7.585, 8.47, 8.885, 9.05, 9.465, 10.49, 10.7, 10.86, 11.274999999999999, 11.56, 11.975]"
/mnt/data728/datasets/coughvit-test-sets/cough-detection/84482/mov_walk/background_noise_traffic/recording_1/outward_facing_mic.wav,"[0.94, 1.11, 2.22, 2.38, 2.58, 2.74, 3.62, 3.78, 3.95, 4.11, 5.08, 5.24, 6.75, 6.91, 7.07, 7.23, 7.82, 7.98, 9.7, 9.86, 11.17, 11.33, 11.55, 11.71]","[1.11, 1.5250000000000001, 2.38, 2.58, 2.74, 3.1550000000000002, 3.78, 3.95, 4.11, 4.525, 5.24, 5.655, 6.91, 7.07, 7.23, 7.6450000000000005, 7.98, 8.395, 9.86, 10.274999999999999, 11.33, 11.55, 11.71, 12.125]"
/mnt/data728/datasets/coughvit-test-sets/cough-detection/84482/mov_walk/background_noise_traffic/recording_10/outward_facing_mic.wav,[],[]
/mnt/data728/datasets/coughvit-test-sets/cough-detection/84482/mov_walk/background_noise_traffic/recording_11/outward_facing_mic.wav,"[2.12, 2.28, 3.25, 3.41, 4.14, 4.59, 6.69]","[2.28, 2.695, 3.41, 3.825, 4.555, 5.005, 7.105]"
/mnt/data728/datasets/coughvit-test-sets/cough-detection/84482/mov_walk/background_noise_traffic/recording_2/outward_facing_mic.wav,[],[]
/mnt/data728/datasets/coughvit-test-sets/cough-detection/84482/mov_walk/background_noise_traffic/recording_3/outward_facing_mic.wav,[],[]
/mnt/data728/datasets/coughvit-test-sets/cough-detection/84482/mov_walk/background_noise_traffic/recording_4/outward_facing_mic.wav,[],[]
/mnt/data728/datasets/coughvit-test-sets/cough-detection/84482/mov_walk/background_noise_traffic/recording_5/outward_facing_mic.wav,"[3.18, 3.34, 3.54, 4.0, 4.21, 5.95, 6.11, 6.37, 9.0, 9.16]","[3.34, 3.54, 3.955, 4.21, 4.625, 6.11, 6.37, 6.785, 9.16, 9.575]"
/mnt/data728/datasets/coughvit-test-sets/cough-detection/84482/mov_walk/background_noise_traffic/recording_6/outward_facing_mic.wav,[],[]
/mnt/data728/datasets/coughvit-test-sets/cough-detection/84482/mov_walk/background_noise_traffic/recording_7/outward_facing_mic.wav,[4.67],[5.085]
/mnt/data728/datasets/coughvit-test-sets/cough-detection/84482/mov_walk/background_noise_traffic/recording_8/outward_facing_mic.wav,"[6.47, 8.07]","[6.885, 8.485]"
/mnt/data728/datasets/coughvit-test-sets/cough-detection/84482/mov_walk/background_noise_traffic/recording_9/outward_facing_mic.wav,"[0.0, 0.16, 1.12, 1.28, 1.44, 1.6, 2.29, 2.45, 3.41, 3.57, 3.74, 3.9, 4.6, 4.76, 6.25, 6.41, 6.57, 6.73, 6.89, 7.05, 7.34, 7.5, 8.05, 8.21]","[0.16, 0.575, 1.28, 1.44, 1.6, 2.015, 2.45, 2.865, 3.57, 3.74, 3.9, 4.3149999999999995, 4.76, 5.175, 6.41, 6.57, 6.73, 6.89, 7.05, 7.34, 7.5, 7.915, 8.21, 8.625]"
